time,rms,temp
08:00:00,1.530,29.50
08:00:05,1.561,29.51
08:00:10,1.591,29.52
08:00:15,1.621,29.53
08:00:20,1.651,29.54
08:00:25,1.680,29.55
08:00:30,1.708,29.56
08:00:35,1.736,29.57
08:00:40,1.763,29.58
08:00:45,1.789,29.59
08:00:50,1.815,29.60
08:00:55,1.839,29.61
08:01:00,1.862,29.62
08:01:05,1.884,29.63
08:01:10,1.905,29.64
08:01:15,1.924,29.65
08:01:20,1.942,29.66
08:01:25,1.959,29.67
08:01:30,1.974,29.68
08:01:35,1.988,29.69
08:01:40,2.000,29.70
08:01:45,2.010,29.71
08:01:50,2.019,29.72
08:01:55,2.026,29.73
08:02:00,2.031,29.73
08:02:05,2.034,29.74
08:02:10,2.036,29.75
08:02:15,2.036,29.76
08:02:20,2.034,29.77
08:02:25,2.031,29.78
08:02:30,2.025,29.79
08:02:35,2.018,29.80
08:02:40,2.009,29.81
08:02:45,1.998,29.82
08:02:50,1.985,29.83
08:02:55,1.971,29.84
08:03:00,1.955,29.85
08:03:05,1.938,29.86
08:03:10,1.918,29.87
08:03:15,1.898,29.88
08:03:20,1.876,29.89
08:03:25,1.852,29.90
08:03:30,1.827,29.90
08:03:35,1.801,29.91
08:03:40,1.773,29.92
08:03:45,1.744,29.93
08:03:50,1.715,29.94
08:03:55,1.684,29.95
08:04:00,1.652,29.96
08:04:05,1.619,29.97
08:04:10,1.586,29.98
08:04:15,1.552,29.99
08:04:20,1.518,29.99
08:04:25,1.483,30.00
08:04:30,1.447,30.01
08:04:35,1.411,30.02
08:04:40,1.375,30.03
08:04:45,1.339,30.04
08:04:50,1.303,30.05
08:04:55,1.268,30.05
08:05:00,1.232,30.06
08:05:05,1.196,30.07
08:05:10,1.161,30.08
08:05:15,1.127,30.09
08:05:20,1.093,30.10
08:05:25,1.059,30.10
08:05:30,1.027,30.11
08:05:35,0.995,30.12
08:05:40,0.964,30.13
08:05:45,0.934,30.14
08:05:50,0.905,30.15
08:05:55,0.878,30.15
08:06:00,0.851,30.16
08:06:05,0.826,30.17
08:06:10,0.802,30.18
08:06:15,0.780,30.18
08:06:20,0.759,30.19
08:06:25,0.739,30.20
08:06:30,0.721,30.21
08:06:35,0.705,30.21
08:06:40,0.690,30.22
08:06:45,0.677,30.23
08:06:50,0.666,30.24
08:06:55,0.656,30.24
08:07:00,0.648,30.25
08:07:05,0.642,30.26
08:07:10,0.637,30.27
08:07:15,0.634,30.27
08:07:20,0.633,30.28
08:07:25,0.634,30.29
08:07:30,0.636,30.29
08:07:35,0.640,30.30
08:07:40,0.646,30.31
08:07:45,0.653,30.31
08:07:50,0.662,30.32
08:07:55,0.672,30.33
08:08:00,0.684,30.33
08:08:05,0.697,30.34
08:08:10,0.712,30.35
08:08:15,0.728,30.35
08:08:20,0.745,30.36
08:08:25,0.764,30.36
08:08:30,0.783,30.37
08:08:35,0.804,30.38
08:08:40,0.825,30.38
08:08:45,0.848,30.39
08:08:50,0.871,30.39
08:08:55,0.895,30.40
08:09:00,0.920,30.40
08:09:05,0.945,30.41
08:09:10,0.971,30.42
08:09:15,0.997,30.42
08:09:20,1.023,30.43
08:09:25,1.050,30.43
08:09:30,1.077,30.44
08:09:35,1.103,30.44
08:09:40,1.130,30.45
08:09:45,1.156,30.45
08:09:50,1.182,30.46
08:09:55,1.208,30.46
08:10:00,1.234,30.47
08:10:05,1.259,30.47
08:10:10,1.283,30.48
08:10:15,1.306,30.48
08:10:20,1.329,30.49
08:10:25,1.351,30.49
08:10:30,1.372,30.49
08:10:35,1.392,30.50
08:10:40,1.411,30.50
08:10:45,1.429,30.51
08:10:50,1.445,30.51
08:10:55,1.460,30.52
08:11:00,1.474,30.52
08:11:05,1.487,30.52
08:11:10,1.498,30.53
08:11:15,1.508,30.53
08:11:20,1.516,30.53
08:11:25,1.523,30.54
08:11:30,1.529,30.54
08:11:35,1.532,30.54
08:11:40,1.535,30.55
08:11:45,1.535,30.55
08:11:50,1.534,30.55
08:11:55,1.532,30.56
08:12:00,1.528,30.56
08:12:05,1.522,30.56
08:12:10,1.515,30.57
08:12:15,1.507,30.57
08:12:20,1.496,30.57
08:12:25,1.485,30.57
08:12:30,1.472,30.58
08:12:35,1.457,30.58
08:12:40,1.442,30.58
08:12:45,1.425,30.58
08:12:50,1.407,30.59
08:12:55,1.387,30.59
08:13:00,1.367,30.59
08:13:05,1.345,30.59
08:13:10,1.323,30.60
08:13:15,1.299,30.60
08:13:20,1.275,30.60
08:13:25,1.250,30.60
08:13:30,1.224,30.60
08:13:35,1.198,30.60
08:13:40,1.171,30.61
08:13:45,1.144,30.61
08:13:50,1.117,30.61
08:13:55,1.089,30.61
08:14:00,1.061,30.61
08:14:05,1.033,30.61
08:14:10,1.006,30.61
08:14:15,0.978,30.61
08:14:20,0.950,30.62
08:14:25,0.923,30.62
08:14:30,0.897,30.62
08:14:35,0.871,30.62
08:14:40,0.845,30.62
08:14:45,0.820,30.62
08:14:50,0.796,30.62
08:14:55,0.773,30.62
08:15:00,0.751,30.62
08:15:05,0.729,30.62
08:15:10,0.709,30.62
08:15:15,0.690,30.62
08:15:20,0.673,30.62
08:15:25,0.656,30.62
08:15:30,0.641,30.62
08:15:35,0.627,30.62
08:15:40,0.615,30.62
08:15:45,0.605,30.62
08:15:50,0.596,30.62
08:15:55,0.588,30.62
08:16:00,0.582,30.62
08:16:05,0.578,30.62
08:16:10,0.576,30.62
08:16:15,0.575,30.62
08:16:20,0.576,30.62
08:16:25,0.579,30.62
08:16:30,0.584,30.62
08:16:35,0.590,30.62
08:16:40,0.598,30.62
08:16:45,0.608,30.62
08:16:50,0.619,30.62
08:16:55,0.633,30.61
08:17:00,0.648,30.61
08:17:05,0.664,30.61
08:17:10,0.682,30.61
08:17:15,0.702,30.61
08:17:20,0.724,30.61
08:17:25,0.746,30.61
08:17:30,0.770,30.61
08:17:35,0.796,30.60
08:17:40,0.823,30.60
08:17:45,0.851,30.60
08:17:50,0.880,30.60
08:17:55,0.910,30.60
08:18:00,0.942,30.60
08:18:05,0.974,30.59
08:18:10,1.007,30.59
08:18:15,1.041,30.59
08:18:20,1.075,30.59
08:18:25,1.110,30.59
08:18:30,1.146,30.59
08:18:35,1.182,30.58
08:18:40,1.218,30.58
08:18:45,1.255,30.58
08:18:50,1.291,30.58
08:18:55,1.328,30.57
08:19:00,1.364,30.57
08:19:05,1.401,30.57
08:19:10,1.437,30.57
08:19:15,1.472,30.57
08:19:20,1.507,30.56
08:19:25,1.542,30.56
08:19:30,1.576,30.56
08:19:35,1.609,30.56
08:19:40,1.641,30.55
08:19:45,1.673,30.55
08:19:50,1.703,30.55
08:19:55,1.733,30.55
08:20:00,1.761,30.54
08:20:05,1.788,30.54
08:20:10,1.813,30.54
08:20:15,1.838,30.53
08:20:20,1.861,30.53
08:20:25,1.882,30.53
08:20:30,1.902,30.53
08:20:35,1.920,30.52
08:20:40,1.937,30.52
08:20:45,1.952,30.52
08:20:50,1.965,30.51
08:20:55,1.977,30.51
08:21:00,1.987,30.51
08:21:05,1.995,30.50
08:21:10,2.001,30.50
08:21:15,2.006,30.50
08:21:20,2.009,30.49
08:21:25,2.010,30.49
08:21:30,2.009,30.49
08:21:35,2.006,30.49
08:21:40,2.002,30.48
08:21:45,1.996,30.48
08:21:50,1.989,30.48
08:21:55,1.979,30.47
08:22:00,1.969,30.47
08:22:05,1.956,30.47
08:22:10,1.942,30.46
08:22:15,1.927,30.46
08:22:20,1.910,30.46
08:22:25,1.892,30.45
08:22:30,1.872,30.45
08:22:35,1.852,30.45
08:22:40,1.830,30.44
08:22:45,1.807,30.44
08:22:50,1.783,30.43
08:22:55,1.758,30.43
08:23:00,1.733,30.43
08:23:05,1.706,30.42
08:23:10,1.680,30.42
08:23:15,1.652,30.42
08:23:20,1.624,30.41
08:23:25,1.596,30.41
08:23:30,1.567,30.41
08:23:35,1.538,30.40
08:23:40,1.509,30.40
08:23:45,1.480,30.40
08:23:50,1.451,30.39
08:23:55,1.423,30.39
08:24:00,1.394,30.39
08:24:05,1.366,30.38
08:24:10,1.339,30.38
08:24:15,1.311,30.38
08:24:20,1.285,30.37
08:24:25,1.259,30.37
08:24:30,1.234,30.37
08:24:35,1.210,30.36
08:24:40,1.187,30.36
08:24:45,1.165,30.36
08:24:50,1.144,30.35
08:24:55,1.124,30.35
08:25:00,1.855,30.35
08:25:05,1.838,30.34
08:25:10,1.822,30.34
08:25:15,1.807,30.34
08:25:20,1.794,30.33
08:25:25,1.782,30.33
08:25:30,1.772,30.33
08:25:35,1.763,30.32
08:25:40,1.755,30.32
08:25:45,1.749,30.32
08:25:50,1.745,30.31
08:25:55,1.743,30.31
08:26:00,1.741,30.31
08:26:05,1.742,30.30
08:26:10,1.744,30.30
08:26:15,1.748,30.30
08:26:20,1.753,30.29
08:26:25,1.759,30.29
08:26:30,1.767,30.29
08:26:35,1.777,30.29
08:26:40,1.788,30.28
08:26:45,1.051,30.28
08:26:50,1.064,30.28
08:26:55,1.079,30.27
08:27:00,1.096,30.27
08:27:05,1.113,30.27
08:27:10,1.132,30.27
08:27:15,1.151,30.26
08:27:20,1.172,30.26
08:27:25,1.193,30.26
08:27:30,1.215,30.26
08:27:35,1.238,30.25
08:27:40,1.262,30.25
08:27:45,1.286,30.25
08:27:50,1.311,30.25
08:27:55,1.336,30.24
08:28:00,1.362,30.24
08:28:05,1.387,30.24
08:28:10,1.413,30.24
08:28:15,1.439,30.23
08:28:20,1.465,30.23
08:28:25,1.491,30.23
08:28:30,1.516,30.23
08:28:35,1.541,30.23
08:28:40,1.566,30.22
08:28:45,1.590,30.22
08:28:50,1.614,30.22
08:28:55,1.637,30.22
08:29:00,1.659,30.22
08:29:05,1.680,30.21
08:29:10,1.701,30.21
08:29:15,1.720,30.21
08:29:20,1.738,30.21
08:29:25,1.756,30.21
08:29:30,1.772,30.21
08:29:35,1.786,30.20
08:29:40,1.800,30.20
08:29:45,1.812,30.20
08:29:50,1.822,30.20
08:29:55,1.831,30.20
08:30:00,1.839,30.20
08:30:05,1.845,30.20
08:30:10,1.849,30.20
08:30:15,1.852,30.19
08:30:20,1.853,30.19
08:30:25,1.852,30.19
08:30:30,1.850,30.19
08:30:35,1.845,30.19
08:30:40,1.840,30.19
08:30:45,1.832,30.19
08:30:50,1.823,30.19
08:30:55,1.812,30.19
08:31:00,1.800,30.19
08:31:05,1.786,30.19
08:31:10,1.770,30.19
08:31:15,1.753,30.19
08:31:20,1.734,30.19
08:31:25,1.713,30.19
08:31:30,1.692,30.19
08:31:35,1.669,30.19
08:31:40,1.644,30.19
08:31:45,1.618,30.19
08:31:50,1.591,30.19
08:31:55,1.563,30.19
08:32:00,1.534,30.19
08:32:05,1.504,30.19
08:32:10,1.472,30.19
08:32:15,1.440,30.19
08:32:20,1.408,30.19
08:32:25,1.374,30.19
08:32:30,1.340,30.19
08:32:35,1.306,30.19
08:32:40,1.271,30.19
08:32:45,1.236,30.19
08:32:50,1.200,30.19
08:32:55,1.165,30.20
08:33:00,1.129,30.20
08:33:05,1.094,30.20
08:33:10,1.059,30.20
08:33:15,1.024,30.20
08:33:20,0.989,30.20
08:33:25,0.955,30.20
08:33:30,0.921,30.20
08:33:35,0.889,30.21
08:33:40,0.856,30.21
08:33:45,0.825,30.21
08:33:50,0.795,30.21
08:33:55,0.765,30.21
08:34:00,0.737,30.22
08:34:05,0.710,30.22
08:34:10,0.684,30.22
08:34:15,0.659,30.22
08:34:20,0.636,30.22
08:34:25,0.614,30.23
08:34:30,0.593,30.23
08:34:35,0.574,30.23
08:34:40,0.557,30.23
08:34:45,0.542,30.24
08:34:50,0.528,30.24
08:34:55,0.515,30.24
08:35:00,0.505,30.24
08:35:05,0.496,30.25
08:35:10,0.489,30.25
08:35:15,0.484,30.25
08:35:20,0.481,30.26
08:35:25,0.479,30.26
08:35:30,0.479,30.26
08:35:35,0.481,30.27
08:35:40,0.485,30.27
08:35:45,0.491,30.27
08:35:50,0.498,30.28
08:35:55,0.508,30.28
08:36:00,0.518,30.28
08:36:05,0.531,30.29
08:36:10,0.545,30.29
08:36:15,0.561,30.30
08:36:20,0.578,30.30
08:36:25,0.597,30.30
08:36:30,0.617,30.31
08:36:35,0.638,30.31
08:36:40,0.661,30.32
08:36:45,0.685,30.32
08:36:50,0.710,30.33
08:36:55,0.736,30.33
08:37:00,0.763,30.34
08:37:05,0.791,30.34
08:37:10,0.820,30.34
08:37:15,0.849,30.35
08:37:20,0.879,30.35
08:37:25,0.910,30.36
08:37:30,0.941,30.36
08:37:35,0.972,30.37
08:37:40,1.004,30.37
08:37:45,1.036,30.38
08:37:50,1.068,30.39
08:37:55,1.100,30.39
08:38:00,1.131,30.40
08:38:05,1.163,30.40
08:38:10,1.194,30.41
08:38:15,1.225,30.41
08:38:20,1.255,30.42
08:38:25,1.285,30.42
08:38:30,1.314,30.43
08:38:35,1.342,30.44
08:38:40,1.370,30.44
08:38:45,1.397,30.45
08:38:50,1.422,30.46
08:38:55,1.447,30.46
08:39:00,1.470,30.47
08:39:05,1.493,30.47
08:39:10,1.514,30.48
08:39:15,1.533,30.49
08:39:20,1.552,30.49
08:39:25,1.569,30.50
08:39:30,1.584,30.51
08:39:35,1.598,30.51
08:39:40,1.611,30.52
08:39:45,1.622,30.53
08:39:50,1.631,30.53
08:39:55,1.639,30.54
08:40:00,1.645,30.55
08:40:05,1.650,30.56
08:40:10,1.653,30.56
08:40:15,1.654,30.57
08:40:20,1.654,30.58
08:40:25,1.652,30.58
08:40:30,1.649,30.59
08:40:35,1.644,30.60
08:40:40,1.638,30.61
08:40:45,1.630,30.61
08:40:50,1.621,30.62
08:40:55,1.610,30.63
08:41:00,1.598,30.64
08:41:05,1.584,30.64
08:41:10,1.570,30.65
08:41:15,1.554,30.66
08:41:20,1.537,30.67
08:41:25,1.519,30.68
08:41:30,1.500,30.68
08:41:35,1.480,30.69
08:41:40,1.459,30.70
08:41:45,1.438,30.71
08:41:50,1.415,30.72
08:41:55,1.392,30.73
08:42:00,1.369,30.73
08:42:05,1.345,30.74
08:42:10,1.321,30.75
08:42:15,1.297,30.76
08:42:20,1.272,30.77
08:42:25,1.248,30.78
08:42:30,1.223,30.79
08:42:35,1.199,30.79
08:42:40,1.174,30.80
08:42:45,1.151,30.81
08:42:50,1.127,30.82
08:42:55,1.104,30.83
08:43:00,1.081,30.84
08:43:05,1.060,30.85
08:43:10,1.038,30.86
08:43:15,1.018,30.86
08:43:20,0.999,30.87
08:43:25,0.980,30.88
08:43:30,0.963,30.89
08:43:35,0.947,30.90
08:43:40,0.932,30.91
08:43:45,0.918,30.92
08:43:50,0.905,30.93
08:43:55,0.894,30.94
08:44:00,0.884,30.95
08:44:05,0.876,30.96
08:44:10,0.869,30.97
08:44:15,0.864,30.97
08:44:20,0.860,30.98
08:44:25,0.858,30.99
08:44:30,0.857,31.00
08:44:35,0.858,31.01
08:44:40,0.861,31.02
08:44:45,0.865,31.03
08:44:50,0.871,31.04
08:44:55,0.879,31.05
08:45:00,0.888,31.06
08:45:05,0.899,31.07
08:45:10,0.911,31.08
08:45:15,0.925,31.09
08:45:20,0.941,31.10
08:45:25,0.958,31.11
08:45:30,0.976,31.12
08:45:35,0.996,31.13
08:45:40,1.018,31.14
08:45:45,1.040,31.15
08:45:50,1.064,31.16
08:45:55,1.089,31.17
08:46:00,1.116,31.18
08:46:05,1.143,31.19
08:46:10,1.171,31.20
08:46:15,1.201,31.21
08:46:20,1.231,31.22
08:46:25,1.262,31.23
08:46:30,1.293,31.24
08:46:35,1.325,31.25
08:46:40,1.358,31.26
08:46:45,1.391,31.27
08:46:50,1.424,31.28
08:46:55,1.458,31.29
08:47:00,1.492,31.29
08:47:05,1.525,31.30
08:47:10,1.559,31.31
08:47:15,1.593,31.32
08:47:20,1.626,31.33
08:47:25,1.659,31.34
08:47:30,1.691,31.35
08:47:35,1.723,31.36
08:47:40,1.754,31.37
08:47:45,1.785,31.38
08:47:50,1.815,31.39
08:47:55,1.844,31.40
08:48:00,1.872,31.41
08:48:05,1.899,31.42
08:48:10,1.924,31.43
08:48:15,1.949,31.44
08:48:20,1.972,31.45
08:48:25,1.994,31.46
08:48:30,2.014,31.47
08:48:35,2.033,31.48
08:48:40,2.051,31.49
08:48:45,2.067,31.50
08:48:50,2.081,31.51
08:48:55,2.094,31.52
08:49:00,2.105,31.53
08:49:05,2.114,31.54
08:49:10,2.121,31.55
08:49:15,2.127,31.56
08:49:20,2.131,31.57
08:49:25,2.133,31.58
08:49:30,2.133,31.59
08:49:35,2.131,31.60
08:49:40,2.128,31.61
08:49:45,2.122,31.62
08:49:50,2.115,31.63
08:49:55,2.106,31.64
08:50:00,2.096,31.64
08:50:05,2.083,31.65
08:50:10,2.069,31.66
08:50:15,2.054,31.67
08:50:20,2.036,31.68
08:50:25,2.018,31.69
08:50:30,1.997,31.70
08:50:35,1.976,31.71
08:50:40,1.952,31.72
08:50:45,1.928,31.73
08:50:50,1.902,31.74
08:50:55,1.876,31.75
08:51:00,1.848,31.75
08:51:05,1.819,31.76
08:51:10,1.789,31.77
08:51:15,1.758,31.78
08:51:20,1.727,31.79
08:51:25,1.694,31.80
08:51:30,1.662,31.81
08:51:35,1.629,31.82
08:51:40,1.595,31.83
08:51:45,1.561,31.83
08:51:50,1.527,31.84
08:51:55,1.493,31.85
08:52:00,1.459,31.86
08:52:05,1.424,31.87
08:52:10,1.391,31.88
08:52:15,1.357,31.89
08:52:20,1.324,31.89
08:52:25,1.291,31.90
08:52:30,1.259,31.91
08:52:35,1.227,31.92
08:52:40,1.196,31.93
08:52:45,1.166,31.93
08:52:50,1.137,31.94
08:52:55,1.109,31.95
08:53:00,1.081,31.96
08:53:05,1.055,31.97
08:53:10,1.030,31.97
08:53:15,1.007,31.98
08:53:20,0.985,31.99
08:53:25,0.964,32.00
08:53:30,0.944,32.01
08:53:35,0.926,32.01
08:53:40,0.909,32.02
08:53:45,0.894,32.03
08:53:50,0.881,32.04
08:53:55,0.869,32.04
08:54:00,0.859,32.05
08:54:05,0.850,32.06
08:54:10,0.843,32.06
08:54:15,0.838,32.07
08:54:20,0.834,32.08
08:54:25,0.832,32.09
08:54:30,0.832,32.09
08:54:35,0.833,32.10
08:54:40,0.836,32.11
08:54:45,0.841,32.11
08:54:50,0.847,32.12
08:54:55,0.855,32.13
08:55:00,0.864,32.13
08:55:05,0.874,32.14
08:55:10,0.886,32.15
08:55:15,0.899,32.15
08:55:20,0.914,32.16
08:55:25,0.930,32.16
08:55:30,0.947,32.17
08:55:35,0.965,32.18
08:55:40,0.984,32.18
08:55:45,1.004,32.19
08:55:50,1.025,32.19
08:55:55,1.047,32.20
08:56:00,1.069,32.21
08:56:05,1.092,32.21
08:56:10,1.116,32.22
08:56:15,1.140,32.22
08:56:20,1.164,32.23
08:56:25,1.189,32.23
08:56:30,1.214,32.24
08:56:35,1.238,32.24
08:56:40,2.363,32.25
08:56:45,2.388,32.25
08:56:50,2.413,32.26
08:56:55,2.437,32.26
08:57:00,2.461,32.27
08:57:05,2.485,32.27
08:57:10,2.508,32.28
08:57:15,2.530,32.28
08:57:20,2.552,32.29
08:57:25,2.573,32.29
08:57:30,2.593,32.30
08:57:35,2.612,32.30
08:57:40,2.630,32.31
08:57:45,2.647,32.31
08:57:50,2.663,32.31
08:57:55,2.678,32.32
08:58:00,2.691,32.32
08:58:05,2.703,32.33
08:58:10,2.714,32.33
08:58:15,2.724,32.33
08:58:20,1.631,32.34
08:58:25,1.638,32.34
08:58:30,1.643,32.35
08:58:35,1.646,32.35
08:58:40,1.648,32.35
08:58:45,1.648,32.36
08:58:50,1.646,32.36
08:58:55,1.643,32.36
08:59:00,1.639,32.37
08:59:05,1.633,32.37
08:59:10,1.625,32.37
08:59:15,1.615,32.37
08:59:20,1.604,32.38
08:59:25,1.592,32.38
08:59:30,1.578,32.38
08:59:35,1.563,32.39
08:59:40,1.546,32.39
08:59:45,1.528,32.39
08:59:50,1.508,32.39
08:59:55,1.487,32.40
09:00:00,1.466,32.40
09:00:05,1.442,32.40
09:00:10,1.418,32.40
09:00:15,1.393,32.40
09:00:20,1.367,32.41
09:00:25,1.340,32.41
09:00:30,1.312,32.41
09:00:35,1.284,32.41
09:00:40,1.254,32.41
09:00:45,1.225,32.41
09:00:50,1.195,32.42
09:00:55,1.164,32.42
09:01:00,1.134,32.42
09:01:05,1.103,32.42
09:01:10,1.072,32.42
09:01:15,1.041,32.42
09:01:20,1.010,32.42
09:01:25,0.979,32.43
09:01:30,0.949,32.43
09:01:35,0.919,32.43
09:01:40,0.890,32.43
09:01:45,0.861,32.43
09:01:50,0.833,32.43
09:01:55,0.805,32.43
09:02:00,0.779,32.43
09:02:05,0.753,32.43
09:02:10,0.729,32.43
09:02:15,0.705,32.43
09:02:20,0.683,32.43
09:02:25,0.662,32.43
09:02:30,0.642,32.43
09:02:35,0.623,32.43
09:02:40,0.606,32.43
09:02:45,0.591,32.43
09:02:50,0.577,32.43
09:02:55,0.564,32.43
09:03:00,0.554,32.43
09:03:05,0.545,32.43
09:03:10,0.537,32.43
09:03:15,0.531,32.43
09:03:20,0.528,32.43
09:03:25,0.525,32.43
09:03:30,0.525,32.43
09:03:35,0.527,32.43
09:03:40,0.530,32.43
09:03:45,0.535,32.43
09:03:50,0.542,32.43
09:03:55,0.551,32.43
09:04:00,0.561,32.42
09:04:05,0.573,32.42
09:04:10,0.587,32.42
09:04:15,0.603,32.42
09:04:20,0.620,32.42
09:04:25,0.639,32.42
09:04:30,0.659,32.42
09:04:35,0.681,32.42
09:04:40,0.704,32.41
09:04:45,0.729,32.41
09:04:50,0.755,32.41
09:04:55,0.783,32.41
09:05:00,0.811,32.41
09:05:05,0.841,32.41
09:05:10,0.871,32.41
09:05:15,0.903,32.40
09:05:20,0.935,32.40
09:05:25,0.968,32.40
09:05:30,1.002,32.40
09:05:35,1.037,32.40
09:05:40,1.072,32.39
09:05:45,1.107,32.39
09:05:50,1.143,32.39
09:05:55,1.179,32.39
09:06:00,1.215,32.39
09:06:05,1.251,32.38
09:06:10,1.287,32.38
09:06:15,1.323,32.38
09:06:20,1.358,32.38
09:06:25,1.393,32.37
09:06:30,1.428,32.37
09:06:35,1.462,32.37
09:06:40,1.496,32.37
09:06:45,1.529,32.36
09:06:50,1.561,32.36
09:06:55,1.592,32.36
09:07:00,1.622,32.36
09:07:05,1.651,32.35
09:07:10,1.679,32.35
09:07:15,1.706,32.35
09:07:20,1.731,32.34
09:07:25,1.756,32.34
09:07:30,1.778,32.34
09:07:35,1.800,32.34
09:07:40,1.820,32.33
09:07:45,1.838,32.33
09:07:50,1.855,32.33
09:07:55,1.870,32.32
09:08:00,1.883,32.32
09:08:05,1.895,32.32
09:08:10,1.905,32.32
09:08:15,1.914,32.31
09:08:20,1.921,32.31
09:08:25,1.926,32.31
09:08:30,1.929,32.30
09:08:35,1.931,32.30
09:08:40,1.930,32.30
09:08:45,1.929,32.29
09:08:50,1.925,32.29
09:08:55,1.920,32.29
09:09:00,1.913,32.28
09:09:05,1.905,32.28
09:09:10,1.895,32.28
09:09:15,1.884,32.27
09:09:20,1.871,32.27
09:09:25,1.857,32.27
09:09:30,1.842,32.26
09:09:35,1.825,32.26
09:09:40,1.807,32.26
09:09:45,1.788,32.25
09:09:50,1.768,32.25
09:09:55,1.747,32.25
09:10:00,1.725,32.24
09:10:05,1.702,32.24
09:10:10,1.679,32.24
09:10:15,1.655,32.23
09:10:20,1.630,32.23
09:10:25,1.605,32.23
09:10:30,1.579,32.22
09:10:35,1.553,32.22
09:10:40,1.527,32.22
09:10:45,1.501,32.21
09:10:50,1.475,32.21
09:10:55,1.448,32.20
09:11:00,1.422,32.20
09:11:05,1.397,32.20
09:11:10,1.371,32.19
09:11:15,1.346,32.19
09:11:20,1.322,32.19
09:11:25,1.298,32.18
09:11:30,1.275,32.18
09:11:35,1.253,32.18
09:11:40,1.231,32.17
09:11:45,1.211,32.17
09:11:50,1.191,32.17
09:11:55,1.173,32.16
09:12:00,1.155,32.16
09:12:05,1.139,32.16
09:12:10,1.124,32.15
09:12:15,1.111,32.15
09:12:20,1.098,32.15
09:12:25,1.087,32.14
09:12:30,1.078,32.14
09:12:35,1.070,32.14
09:12:40,1.063,32.13
09:12:45,1.058,32.13
09:12:50,1.055,32.13
09:12:55,1.053,32.12
09:13:00,1.053,32.12
09:13:05,1.054,32.12
09:13:10,1.057,32.11
09:13:15,1.061,32.11
09:13:20,1.067,32.11
09:13:25,1.075,32.11
09:13:30,1.084,32.10
09:13:35,1.094,32.10
09:13:40,1.106,32.10
09:13:45,1.120,32.09
09:13:50,1.135,32.09
09:13:55,1.151,32.09
09:14:00,1.168,32.09
09:14:05,1.187,32.08
09:14:10,1.207,32.08
09:14:15,1.227,32.08
09:14:20,1.249,32.07
09:14:25,1.272,32.07
09:14:30,1.296,32.07
09:14:35,1.321,32.07
09:14:40,1.347,32.06
09:14:45,1.373,32.06
09:14:50,1.399,32.06
09:14:55,1.427,32.06
09:15:00,1.454,32.05
09:15:05,1.482,32.05
09:15:10,1.510,32.05
09:15:15,1.539,32.05
09:15:20,1.567,32.04
09:15:25,1.595,32.04
09:15:30,1.624,32.04
09:15:35,1.652,32.04
09:15:40,1.679,32.04
09:15:45,1.707,32.03
09:15:50,1.733,32.03
09:15:55,1.759,32.03
09:16:00,1.785,32.03
09:16:05,1.810,32.03
09:16:10,1.833,32.02
09:16:15,1.856,32.02
09:16:20,1.878,32.02
09:16:25,1.899,32.02
09:16:30,1.919,32.02
09:16:35,1.937,32.02
09:16:40,1.954,32.01
09:16:45,1.970,32.01
09:16:50,1.984,32.01
09:16:55,1.997,32.01
09:17:00,2.008,32.01
09:17:05,2.018,32.01
09:17:10,2.026,32.01
09:17:15,2.032,32.01
09:17:20,2.037,32.00
09:17:25,2.040,32.00
09:17:30,2.041,32.00
09:17:35,2.041,32.00
09:17:40,2.039,32.00
09:17:45,2.035,32.00
09:17:50,2.029,32.00
09:17:55,2.022,32.00
09:18:00,2.012,32.00
09:18:05,2.001,32.00
09:18:10,1.989,32.00
09:18:15,1.974,32.00
09:18:20,1.958,32.00
09:18:25,1.941,32.00
09:18:30,1.922,32.00
09:18:35,1.901,32.00
09:18:40,1.878,32.00
09:18:45,1.855,32.00
09:18:50,1.830,32.00
09:18:55,1.803,32.00
09:19:00,1.776,32.00
09:19:05,1.747,32.00
09:19:10,1.717,32.00
09:19:15,1.686,32.00
09:19:20,1.654,32.00
09:19:25,1.621,32.00
09:19:30,1.588,32.00
09:19:35,1.554,32.00
09:19:40,1.519,32.00
09:19:45,1.483,32.00
09:19:50,1.448,32.00
09:19:55,1.412,32.00
09:20:00,1.375,32.00
09:20:05,1.339,32.01
09:20:10,1.303,32.01
09:20:15,1.266,32.01
09:20:20,1.230,32.01
09:20:25,1.194,32.01
09:20:30,1.159,32.01
09:20:35,1.124,32.01
09:20:40,1.089,32.01
09:20:45,1.055,32.02
09:20:50,1.022,32.02
09:20:55,0.990,32.02
09:21:00,0.958,32.02
09:21:05,0.928,32.02
09:21:10,0.898,32.03
09:21:15,0.870,32.03
09:21:20,0.843,32.03
09:21:25,0.817,32.03
09:21:30,0.792,32.03
09:21:35,0.769,32.04
09:21:40,0.748,32.04
09:21:45,0.728,32.04
09:21:50,0.709,32.04
09:21:55,0.692,32.05
09:22:00,0.677,32.05
09:22:05,0.663,32.05
09:22:10,0.651,32.06
09:22:15,0.641,32.06
09:22:20,0.633,32.06
09:22:25,0.626,32.06
09:22:30,0.621,32.07
09:22:35,0.618,32.07
09:22:40,0.617,32.07
09:22:45,0.617,32.08
09:22:50,0.619,32.08
09:22:55,0.623,32.09
09:23:00,0.629,32.09
09:23:05,0.636,32.09
09:23:10,0.645,32.10
09:23:15,0.656,32.10
09:23:20,0.668,32.10
09:23:25,0.681,32.11
09:23:30,0.696,32.11
09:23:35,0.713,32.12
09:23:40,0.731,32.12
09:23:45,0.750,32.12
09:23:50,0.770,32.13
09:23:55,0.792,32.13
09:24:00,0.814,32.14
09:24:05,0.838,32.14
09:24:10,0.862,32.15
09:24:15,0.888,32.15
09:24:20,0.914,32.16
09:24:25,0.940,32.16
09:24:30,0.968,32.17
09:24:35,0.995,32.17
09:24:40,1.024,32.18
09:24:45,1.052,32.18
09:24:50,1.081,32.19
09:24:55,1.109,32.19
09:25:00,1.138,32.20
09:25:05,1.167,32.20
09:25:10,1.195,32.21
09:25:15,1.224,32.21
09:25:20,1.251,32.22
09:25:25,1.279,32.23
09:25:30,1.306,32.23
09:25:35,1.332,32.24
09:25:40,1.358,32.24
09:25:45,1.383,32.25
09:25:50,1.407,32.26
09:25:55,1.430,32.26
09:26:00,1.452,32.27
09:26:05,1.473,32.27
09:26:10,1.492,32.28
09:26:15,1.511,32.29
09:26:20,1.528,32.29
09:26:25,1.545,32.30
09:26:30,1.559,32.31
09:26:35,1.573,32.31
09:26:40,1.584,32.32
09:26:45,1.595,32.33
09:26:50,1.604,32.33
09:26:55,1.611,32.34
09:27:00,1.617,32.35
09:27:05,1.621,32.35
09:27:10,1.624,32.36
09:27:15,1.625,32.37
09:27:20,1.624,32.38
09:27:25,1.622,32.38
09:27:30,1.619,32.39
09:27:35,1.614,32.40
09:27:40,1.607,32.40
09:27:45,1.599,32.41
09:27:50,1.589,32.42
09:27:55,1.578,32.43
09:28:00,1.566,32.44
09:28:05,1.552,32.44
09:28:10,1.537,32.45
09:28:15,1.521,32.46
09:28:20,1.504,32.47
09:28:25,1.485,32.47
09:28:30,1.465,32.48
09:28:35,1.445,32.49
09:28:40,1.423,32.50
09:28:45,1.401,32.51
09:28:50,1.378,32.51
09:28:55,1.354,32.52
09:29:00,1.330,32.53
09:29:05,1.305,32.54
09:29:10,1.280,32.55
09:29:15,1.255,32.56
09:29:20,1.229,32.56
09:29:25,1.203,32.57
09:29:30,1.177,32.58
09:29:35,1.151,32.59
09:29:40,1.125,32.60
09:29:45,1.100,32.61
09:29:50,1.074,32.62
09:29:55,1.050,32.63
09:30:00,1.025,32.63
09:30:05,1.002,32.64
09:30:10,0.979,32.65
09:30:15,0.956,32.66
09:30:20,0.935,32.67
09:30:25,0.914,32.68
09:30:30,0.895,32.69
09:30:35,0.876,32.70
09:30:40,0.859,32.71
09:30:45,0.843,32.72
09:30:50,0.828,32.72
09:30:55,0.815,32.73
09:31:00,0.802,32.74
09:31:05,0.792,32.75
09:31:10,0.783,32.76
09:31:15,0.775,32.77
09:31:20,0.769,32.78
09:31:25,0.765,32.79
09:31:30,0.762,32.80
09:31:35,0.761,32.81
09:31:40,0.761,35.62
09:31:45,0.763,35.63
09:31:50,0.767,35.64
09:31:55,0.773,35.65
09:32:00,0.780,35.66
09:32:05,0.790,35.67
09:32:10,0.800,35.67
09:32:15,0.813,35.68
09:32:20,0.827,35.69
09:32:25,0.843,35.70
09:32:30,0.860,35.71
09:32:35,0.879,35.72
09:32:40,0.899,35.73
09:32:45,0.921,35.74
09:32:50,0.944,35.75
09:32:55,0.969,35.76
09:33:00,0.995,35.77
09:33:05,1.022,35.78
09:33:10,1.050,35.79
09:33:15,1.080,35.80
09:33:20,1.110,35.81
09:33:25,1.141,35.82
09:33:30,1.174,35.83
09:33:35,1.207,35.84
09:33:40,1.240,35.85
09:33:45,1.274,35.86
09:33:50,1.309,35.87
09:33:55,1.344,35.88
09:34:00,1.380,35.89
09:34:05,1.416,35.90
09:34:10,1.451,35.91
09:34:15,1.487,35.92
09:34:20,1.523,35.93
09:34:25,1.559,35.94
09:34:30,1.594,35.95
09:34:35,1.629,35.96
09:34:40,1.664,35.97
09:34:45,1.698,35.98
09:34:50,1.731,35.99
09:34:55,1.764,36.00
09:35:00,1.796,36.01
09:35:05,1.827,33.22
09:35:10,1.857,33.23
09:35:15,1.886,33.24
09:35:20,1.914,33.25
09:35:25,1.940,33.26
09:35:30,1.966,33.27
09:35:35,1.990,33.28
09:35:40,2.012,33.29
09:35:45,2.033,33.30
09:35:50,2.053,33.31
09:35:55,2.071,33.32
09:36:00,2.087,33.33
09:36:05,2.102,33.33
09:36:10,2.115,33.34
09:36:15,2.126,33.35
09:36:20,2.136,33.36
09:36:25,2.143,33.37
09:36:30,2.149,33.38
09:36:35,2.153,33.39
09:36:40,2.156,33.40
09:36:45,2.156,33.41
09:36:50,2.155,33.42
09:36:55,2.152,33.43
09:37:00,2.147,33.44
09:37:05,2.140,33.45
09:37:10,2.132,33.46
09:37:15,2.122,33.47
09:37:20,2.110,33.48
09:37:25,2.097,33.49
09:37:30,2.082,33.50
09:37:35,2.066,33.51
09:37:40,2.048,33.51
09:37:45,2.028,33.52
09:37:50,2.008,33.53
09:37:55,1.986,33.54
09:38:00,1.963,33.55
09:38:05,1.938,33.56
09:38:10,1.913,33.57
09:38:15,1.887,33.58
09:38:20,1.859,33.59
09:38:25,1.831,33.60
09:38:30,1.802,33.60
09:38:35,1.773,33.61
09:38:40,1.743,33.62
09:38:45,1.713,33.63
09:38:50,1.682,33.64
09:38:55,1.651,33.65
09:39:00,1.619,33.66
09:39:05,1.588,33.67
09:39:10,1.557,33.67
09:39:15,1.526,33.68
09:39:20,1.495,33.69
09:39:25,1.464,33.70
09:39:30,1.434,33.71
09:39:35,1.404,33.72
09:39:40,1.374,33.72
09:39:45,1.346,33.73
09:39:50,1.318,33.74
09:39:55,1.291,33.75
09:40:00,1.265,33.76
09:40:05,1.239,33.76
09:40:10,1.215,33.77
09:40:15,1.192,33.78
09:40:20,1.170,33.79
09:40:25,1.149,33.80
09:40:30,1.130,33.80
09:40:35,1.112,33.81
09:40:40,1.095,33.82
09:40:45,1.080,33.83
09:40:50,1.066,33.83
09:40:55,1.054,33.84
09:41:00,1.043,33.85
09:41:05,1.034,33.86
09:41:10,1.027,33.86
09:41:15,1.021,33.87
09:41:20,1.016,33.88
09:41:25,1.014,33.88
09:41:30,1.012,33.89
09:41:35,1.013,33.90
09:41:40,1.015,33.91
09:41:45,1.018,33.91
09:41:50,1.023,33.92
09:41:55,1.030,33.93
09:42:00,1.038,33.93
09:42:05,1.048,33.94
09:42:10,1.059,33.95
09:42:15,1.071,33.95
09:42:20,1.085,33.96
09:42:25,1.100,33.96
09:42:30,1.116,33.97
09:42:35,1.133,33.98
09:42:40,1.151,33.98
09:42:45,1.170,33.99
09:42:50,1.190,34.00
09:42:55,1.212,34.00
09:43:00,1.233,34.01
09:43:05,1.256,34.01
09:43:10,1.279,34.02
09:43:15,1.302,34.02
09:43:20,1.327,34.03
09:43:25,1.351,34.04
09:43:30,1.375,34.04
09:43:35,1.400,34.05
09:43:40,1.425,34.05
09:43:45,1.450,34.06
09:43:50,1.475,34.06
09:43:55,1.499,34.07
09:44:00,1.523,34.07
09:44:05,1.547,34.08
09:44:10,1.571,34.08
09:44:15,1.593,34.09
09:44:20,1.615,34.09
09:44:25,1.637,34.10
09:44:30,1.657,34.10
09:44:35,1.677,34.10
09:44:40,1.696,34.11
09:44:45,1.714,34.11
09:44:50,1.730,34.12
09:44:55,1.746,34.12
09:45:00,1.760,34.13
09:45:05,1.773,34.13
09:45:10,1.784,34.13
09:45:15,1.794,34.14
09:45:20,1.803,34.14
09:45:25,1.810,34.15
09:45:30,1.816,34.15
09:45:35,1.820,34.15
09:45:40,1.822,34.16
09:45:45,1.823,34.16
09:45:50,1.822,34.16
09:45:55,1.820,34.17
09:46:00,1.816,34.17
09:46:05,1.810,34.17
09:46:10,1.803,34.18
09:46:15,1.794,34.18
09:46:20,1.783,34.18
09:46:25,1.771,34.19
09:46:30,1.757,34.19
09:46:35,1.741,34.19
09:46:40,1.725,34.19
09:46:45,1.706,34.20
09:46:50,1.686,34.20
09:46:55,1.665,34.20
09:47:00,1.643,34.20
09:47:05,1.619,34.21
09:47:10,1.594,34.21
09:47:15,1.567,34.21
09:47:20,1.540,34.21
09:47:25,1.512,34.21
09:47:30,1.483,34.22
09:47:35,1.453,34.22
09:47:40,1.422,34.22
09:47:45,1.390,34.22
09:47:50,1.358,34.22
09:47:55,1.325,34.23
09:48:00,1.292,34.23
09:48:05,1.259,34.23
09:48:10,1.225,34.23
09:48:15,1.191,34.23
09:48:20,1.157,34.23
09:48:25,1.123,34.23
09:48:30,1.090,34.23
09:48:35,1.056,34.24
09:48:40,1.023,34.24
09:48:45,0.990,34.24
09:48:50,0.958,34.24
09:48:55,0.927,34.24
09:49:00,0.896,34.24
09:49:05,0.866,34.24
09:49:10,0.836,34.24
09:49:15,0.808,34.24
09:49:20,0.781,34.24
09:49:25,0.755,34.24
09:49:30,0.730,34.24
09:49:35,0.706,34.24
09:49:40,0.684,34.24
09:49:45,0.663,34.24
09:49:50,0.644,34.24
09:49:55,0.626,34.24
09:50:00,0.610,34.24
09:50:05,0.595,34.24
09:50:10,0.582,34.24
09:50:15,0.570,34.24
09:50:20,0.561,34.24
09:50:25,0.553,34.24
09:50:30,0.547,34.24
09:50:35,0.543,34.24
09:50:40,0.540,34.24
09:50:45,0.540,34.24
09:50:50,0.541,34.24
09:50:55,0.544,34.24
09:51:00,0.549,34.24
09:51:05,0.555,34.23
09:51:10,0.564,34.23
09:51:15,0.574,34.23
09:51:20,0.586,34.23
09:51:25,0.599,34.23
09:51:30,0.615,34.23
09:51:35,0.631,34.23
09:51:40,0.650,34.23
09:51:45,0.670,34.22
09:51:50,0.691,34.22
09:51:55,0.714,34.22
09:52:00,0.738,34.22
09:52:05,0.763,34.22
09:52:10,0.790,34.22
09:52:15,0.817,34.22
09:52:20,0.846,34.21
09:52:25,0.876,34.21
09:52:30,0.906,34.21
09:52:35,0.937,34.21
09:52:40,0.969,34.21
09:52:45,1.002,34.20
09:52:50,1.035,34.20
09:52:55,1.068,34.20
09:53:00,1.102,34.20
09:53:05,1.136,34.20
09:53:10,1.170,34.19
09:53:15,1.204,34.19
09:53:20,1.238,34.19
09:53:25,1.272,34.19
09:53:30,1.305,34.18
09:53:35,1.338,34.18
09:53:40,1.371,34.18
09:53:45,1.403,34.18
09:53:50,1.435,34.17
09:53:55,1.466,34.17
09:54:00,1.496,34.17
09:54:05,1.525,34.17
09:54:10,1.553,34.16
09:54:15,1.581,34.16
09:54:20,1.607,34.16
09:54:25,1.632,34.16
09:54:30,1.656,34.15
09:54:35,1.678,34.15
09:54:40,1.699,34.15
09:54:45,1.719,34.14
09:54:50,1.737,34.14
09:54:55,1.754,34.14
09:55:00,2.869,34.14
09:55:05,2.883,34.13
09:55:10,2.895,34.13
09:55:15,2.905,34.13
09:55:20,2.914,34.12
09:55:25,2.921,34.12
09:55:30,2.927,34.12
09:55:35,2.931,34.11
09:55:40,2.933,34.11
09:55:45,2.934,34.11
09:55:50,2.933,34.10
09:55:55,2.930,34.10
09:56:00,2.926,34.10
09:56:05,2.920,34.09
09:56:10,2.913,34.09
09:56:15,2.904,34.09
09:56:20,2.894,34.08
09:56:25,2.882,34.08
09:56:30,2.869,34.08
09:56:35,2.855,34.07
09:56:40,1.740,34.07
09:56:45,1.723,34.07
09:56:50,1.705,34.06
09:56:55,1.686,34.06
09:57:00,1.667,34.06
09:57:05,1.646,34.05
09:57:10,1.625,34.05
09:57:15,1.603,34.05
09:57:20,1.580,34.04
09:57:25,1.557,34.04
09:57:30,1.533,34.04
09:57:35,1.509,34.03
09:57:40,1.484,34.03
09:57:45,1.460,34.03
09:57:50,1.435,34.02
09:57:55,1.410,34.02
09:58:00,1.386,34.02
09:58:05,1.362,34.01
09:58:10,1.337,34.01
09:58:15,1.314,34.01
09:58:20,1.290,34.00
09:58:25,1.268,34.00
09:58:30,1.245,34.00
09:58:35,1.224,33.99
09:58:40,1.203,33.99
09:58:45,1.183,33.98
09:58:50,1.165,33.98
09:58:55,1.147,33.98
09:59:00,1.130,33.97
09:59:05,1.114,33.97
09:59:10,1.100,33.97
09:59:15,1.087,33.96
09:59:20,1.075,33.96
09:59:25,1.064,33.96
09:59:30,1.055,33.95
09:59:35,1.048,33.95
09:59:40,1.042,33.95
09:59:45,1.037,33.94
09:59:50,1.034,33.94
09:59:55,1.032,33.94
10:00:00,1.032,33.94
10:00:05,1.034,33.93
10:00:10,1.037,33.93
10:00:15,1.042,33.93
10:00:20,1.049,33.92
10:00:25,1.057,33.92
10:00:30,1.067,33.92
10:00:35,1.078,33.91
10:00:40,1.091,33.91
10:00:45,1.105,33.91
10:00:50,1.121,33.90
10:00:55,1.138,33.90
10:01:00,1.156,33.90
10:01:05,1.176,33.90
10:01:10,1.197,33.89
10:01:15,1.220,33.89
10:01:20,1.243,33.89
10:01:25,1.268,33.88
10:01:30,1.293,33.88
10:01:35,1.320,33.88
10:01:40,1.347,33.88
10:01:45,1.376,33.87
10:01:50,1.405,33.87
10:01:55,1.434,33.87
10:02:00,1.464,33.87
10:02:05,1.495,33.86
10:02:10,1.526,33.86
10:02:15,1.557,33.86
10:02:20,1.588,33.86
10:02:25,1.620,33.85
10:02:30,1.651,33.85
10:02:35,1.683,33.85
10:02:40,1.714,33.85
10:02:45,1.745,33.85
10:02:50,1.776,33.84
10:02:55,1.806,33.84
10:03:00,1.835,33.84
10:03:05,1.864,33.84
10:03:10,1.892,33.84
10:03:15,1.919,33.83
10:03:20,1.946,33.83
10:03:25,1.971,33.83
10:03:30,1.995,33.83
10:03:35,2.018,33.83
10:03:40,2.040,33.83
10:03:45,2.061,33.82
10:03:50,2.080,33.82
10:03:55,2.098,33.82
10:04:00,2.114,33.82
10:04:05,2.129,33.82
10:04:10,2.142,33.82
10:04:15,2.154,33.82
10:04:20,2.163,33.82
10:04:25,2.172,33.81
10:04:30,2.178,33.81
10:04:35,2.183,33.81
10:04:40,2.186,33.81
10:04:45,2.187,33.81
10:04:50,2.186,33.81
10:04:55,2.183,33.81
10:05:00,2.929,33.81
10:05:05,2.923,33.81
10:05:10,2.915,33.81
10:05:15,2.905,33.81
10:05:20,2.894,33.81
10:05:25,2.881,33.81
10:05:30,2.866,33.81
10:05:35,2.849,33.81
10:05:40,2.831,33.81
10:05:45,2.811,33.81
10:05:50,2.790,33.81
10:05:55,2.767,33.81
10:06:00,2.743,33.81
10:06:05,2.718,33.81
10:06:10,2.691,33.81
10:06:15,2.663,33.81
10:06:20,2.634,33.81
10:06:25,2.604,33.81
10:06:30,2.573,33.81
10:06:35,2.541,33.81
10:06:40,2.509,33.81
10:06:45,1.725,33.81
10:06:50,1.691,33.81
10:06:55,1.657,33.81
10:07:00,1.622,33.81
10:07:05,1.587,33.81
10:07:10,1.551,33.81
10:07:15,1.515,33.82
10:07:20,1.480,33.82
10:07:25,1.444,33.82
10:07:30,1.408,33.82
10:07:35,1.373,33.82
10:07:40,1.338,33.82
10:07:45,1.304,33.82
10:07:50,1.270,33.83
10:07:55,1.237,33.83
10:08:00,1.204,33.83
10:08:05,1.172,33.83
10:08:10,1.141,33.83
10:08:15,1.111,33.83
10:08:20,1.082,33.84
10:08:25,1.054,33.84
10:08:30,1.028,33.84
10:08:35,1.002,33.84
10:08:40,0.978,33.85
10:08:45,0.955,33.85
10:08:50,0.934,33.85
10:08:55,0.914,33.85
10:09:00,0.896,33.86
10:09:05,0.879,33.86
10:09:10,0.864,33.86
10:09:15,0.850,33.86
10:09:20,0.838,33.87
10:09:25,0.828,33.87
10:09:30,0.819,33.87
10:09:35,0.812,33.88
10:09:40,0.807,33.88
10:09:45,0.804,33.88
10:09:50,0.802,33.89
10:09:55,0.802,33.89
10:10:00,0.804,33.89
10:10:05,0.807,33.90
10:10:10,0.812,33.90
10:10:15,0.819,33.90
10:10:20,0.827,33.91
10:10:25,0.836,33.91
10:10:30,0.848,33.92
10:10:35,0.860,33.92
10:10:40,0.874,33.92
10:10:45,0.889,33.93
10:10:50,0.906,33.93
10:10:55,0.924,33.94
10:11:00,0.943,33.94
10:11:05,0.962,33.95
10:11:10,0.983,33.95
10:11:15,1.005,33.95
10:11:20,1.028,33.96
10:11:25,1.051,33.96
10:11:30,1.075,33.97
10:11:35,1.100,33.97
10:11:40,1.125,33.98
10:11:45,1.151,33.98
10:11:50,1.176,33.99
10:11:55,1.202,33.99
10:12:00,1.228,34.00
10:12:05,1.254,34.00
10:12:10,1.281,34.01
10:12:15,1.306,34.02
10:12:20,1.332,34.02
10:12:25,1.357,34.03
10:12:30,1.382,34.03
10:12:35,1.407,34.04
10:12:40,1.430,34.04
10:12:45,1.453,34.05
10:12:50,1.476,34.06
10:12:55,1.497,34.06
10:13:00,1.518,34.07
10:13:05,1.537,34.07
10:13:10,1.556,34.08
10:13:15,1.573,34.09
10:13:20,1.589,34.09
10:13:25,1.604,34.10
10:13:30,1.618,34.11
10:13:35,1.630,34.11
10:13:40,1.641,34.12
10:13:45,1.651,34.13
10:13:50,1.659,34.13
10:13:55,1.665,34.14
10:14:00,1.670,34.15
10:14:05,1.673,34.15
10:14:10,1.675,34.16
10:14:15,1.676,34.17
10:14:20,1.674,34.17
10:14:25,1.672,34.18
10:14:30,1.667,34.19
10:14:35,1.661,34.20
10:14:40,1.654,34.20
10:14:45,1.645,34.21
10:14:50,1.634,34.22
10:14:55,1.622,34.23
10:15:00,1.609,34.23
10:15:05,1.594,34.24
10:15:10,1.578,34.25
10:15:15,1.560,34.26
10:15:20,1.541,34.26
10:15:25,1.522,34.27
10:15:30,1.501,34.28
10:15:35,1.478,34.29
10:15:40,1.455,34.30
10:15:45,1.431,34.30
10:15:50,1.407,34.31
10:15:55,1.381,34.32
10:16:00,1.355,34.33
10:16:05,1.328,34.34
10:16:10,1.301,34.35
10:16:15,1.273,34.35
10:16:20,1.245,34.36
10:16:25,1.216,34.37
10:16:30,1.188,34.38
10:16:35,1.159,34.39
10:16:40,1.131,34.40
10:16:45,1.102,34.40
10:16:50,1.074,34.41
10:16:55,1.046,34.42
10:17:00,1.019,34.43
10:17:05,0.992,34.44
10:17:10,0.965,34.45
10:17:15,0.939,34.46
10:17:20,0.915,34.47
10:17:25,0.890,34.47
10:17:30,0.867,34.48
10:17:35,0.845,34.49
10:17:40,0.824,34.50
10:17:45,0.804,34.51
10:17:50,0.785,34.52
10:17:55,0.768,34.53
10:18:00,0.752,34.54
10:18:05,0.737,34.55
10:18:10,0.724,34.56
10:18:15,0.713,34.57
10:18:20,0.703,34.58
10:18:25,0.694,34.58
10:18:30,0.688,34.59
10:18:35,0.682,34.60
10:18:40,0.679,34.61
10:18:45,0.677,34.62
10:18:50,0.678,34.63
10:18:55,0.679,34.64
10:19:00,0.683,34.65
10:19:05,0.689,34.66
10:19:10,0.696,34.67
10:19:15,0.705,34.68
10:19:20,0.716,34.69
10:19:25,0.728,34.70
10:19:30,0.742,34.71
10:19:35,0.758,34.72
10:19:40,0.775,34.73
10:19:45,0.794,34.74
10:19:50,0.815,34.75
10:19:55,0.837,34.76
10:20:00,0.861,34.77
10:20:05,0.886,34.78
10:20:10,0.912,34.79
10:20:15,0.939,34.80
10:20:20,0.968,34.81
10:20:25,0.998,34.82
10:20:30,1.029,34.83
10:20:35,1.061,34.84
10:20:40,1.094,34.85
10:20:45,1.127,34.86
10:20:50,1.161,34.86
10:20:55,1.196,34.87
10:21:00,1.232,34.88
10:21:05,1.267,34.89
10:21:10,1.304,34.90
10:21:15,1.340,34.91
10:21:20,1.376,34.92
10:21:25,1.413,34.93
10:21:30,1.450,34.94
10:21:35,1.486,34.95
10:21:40,1.522,34.96
10:21:45,1.558,34.97
10:21:50,1.593,34.98
10:21:55,1.628,34.99
10:22:00,1.663,35.00
10:22:05,1.696,35.01
10:22:10,1.729,35.02
10:22:15,1.761,35.03
10:22:20,1.792,35.04
10:22:25,1.821,35.05
10:22:30,1.850,35.06
10:22:35,1.878,35.07
10:22:40,1.904,35.08
10:22:45,1.929,35.09
10:22:50,1.953,35.10
10:22:55,1.975,35.11
10:23:00,1.995,35.12
10:23:05,2.014,35.13
10:23:10,2.032,35.14
10:23:15,2.048,35.15
10:23:20,2.062,35.16
10:23:25,2.075,35.17
10:23:30,2.085,35.18
10:23:35,2.094,35.19
10:23:40,2.102,35.20
10:23:45,2.107,35.21
10:23:50,2.111,35.22
10:23:55,2.113,35.23
10:24:00,2.113,35.24
10:24:05,2.112,35.25
10:24:10,2.108,35.25
10:24:15,2.104,35.26
10:24:20,2.097,35.27
10:24:25,2.089,35.28
10:24:30,2.079,35.29
10:24:35,2.067,35.30
10:24:40,2.054,35.31
10:24:45,2.040,35.32
10:24:50,2.024,35.33
10:24:55,2.007,35.34
10:25:00,1.988,35.35
10:25:05,1.969,35.36
10:25:10,1.948,35.37
10:25:15,1.926,35.37
10:25:20,1.903,35.38
10:25:25,1.879,35.39
10:25:30,1.855,35.40
10:25:35,1.829,35.41
10:25:40,1.803,35.42
10:25:45,1.776,35.43
10:25:50,1.749,35.44
10:25:55,1.722,35.44
10:26:00,1.694,35.45
10:26:05,1.666,35.46
10:26:10,1.638,35.47
10:26:15,1.609,35.48
10:26:20,1.581,35.49
10:26:25,1.553,35.50
10:26:30,1.526,35.50
10:26:35,1.498,35.51
10:26:40,1.471,35.52
10:26:45,1.445,35.53
10:26:50,1.419,35.54
10:26:55,1.394,35.55
10:27:00,1.369,35.55
10:27:05,1.346,35.56
10:27:10,1.323,35.57
10:27:15,1.302,35.58
10:27:20,1.281,35.59
10:27:25,1.262,35.59
10:27:30,1.244,35.60
10:27:35,1.227,35.61
10:27:40,1.211,35.62
10:27:45,1.197,35.62
10:27:50,1.184,35.63
10:27:55,1.172,35.64
10:28:00,1.162,35.65
10:28:05,1.154,35.65
10:28:10,1.147,35.66
10:28:15,1.141,35.67
10:28:20,1.137,35.68
10:28:25,1.135,35.68
10:28:30,1.134,35.69
10:28:35,1.135,35.70
10:28:40,1.138,35.70
10:28:45,1.141,35.71
10:28:50,1.147,35.72
10:28:55,1.154,35.73
10:29:00,1.162,35.73
10:29:05,1.172,35.74
10:29:10,1.184,35.75
10:29:15,1.197,35.75
10:29:20,1.211,35.76
10:29:25,1.226,35.76
10:29:30,1.243,35.77
10:29:35,1.260,35.78
10:29:40,1.279,35.78
10:29:45,1.299,35.79
10:29:50,1.320,35.80
10:29:55,1.342,35.80
10:30:00,1.365,35.81
10:30:05,1.388,35.81
10:30:10,1.412,35.82
10:30:15,1.437,35.83
10:30:20,1.462,35.83
10:30:25,1.488,35.84
10:30:30,1.514,35.84
10:30:35,1.540,35.85
10:30:40,1.566,35.85
10:30:45,1.593,35.86
10:30:50,1.619,35.86
10:30:55,1.645,35.87
10:31:00,1.671,35.87
10:31:05,1.697,35.88
10:31:10,1.722,35.88
10:31:15,1.747,35.89
10:31:20,1.771,35.89
10:31:25,1.795,35.90
10:31:30,1.818,35.90
10:31:35,1.840,35.91
10:31:40,1.861,35.91
10:31:45,1.881,35.92
10:31:50,1.900,35.92
10:31:55,1.918,35.93
10:32:00,1.934,35.93
10:32:05,1.950,35.93
10:32:10,1.964,35.94
10:32:15,1.976,35.94
10:32:20,1.987,35.95
10:32:25,1.997,35.95
10:32:30,2.005,35.95
10:32:35,2.012,35.96
10:32:40,2.017,35.96
10:32:45,2.020,35.96
10:32:50,2.022,35.97
10:32:55,2.021,35.97
10:33:00,2.020,35.98
10:33:05,2.016,35.98
10:33:10,2.011,35.98
10:33:15,2.004,35.98
10:33:20,1.995,35.99
10:33:25,1.985,35.99
10:33:30,1.973,35.99
10:33:35,1.959,36.00
10:33:40,1.944,36.00
10:33:45,1.927,36.00
10:33:50,1.909,36.00
10:33:55,1.889,36.01
10:34:00,1.867,36.01
10:34:05,1.844,36.01
10:34:10,1.820,36.01
10:34:15,1.794,36.02
10:34:20,1.767,36.02
10:34:25,1.739,36.02
10:34:30,1.710,36.02
10:34:35,1.680,36.03
10:34:40,1.649,36.03
10:34:45,1.617,36.03
10:34:50,1.584,36.03
10:34:55,1.551,36.03
10:35:00,1.516,36.03
10:35:05,1.482,36.04
10:35:10,1.447,36.04
10:35:15,1.411,36.04
10:35:20,1.376,36.04
10:35:25,1.340,36.04
10:35:30,1.304,36.04
10:35:35,1.268,36.04
10:35:40,1.232,36.04
10:35:45,1.197,36.05
10:35:50,1.162,36.05
10:35:55,1.127,36.05
10:36:00,1.093,36.05
10:36:05,1.059,36.05
10:36:10,1.026,36.05
10:36:15,0.994,36.05
10:36:20,0.963,36.05
10:36:25,0.933,36.05
10:36:30,0.904,36.05
10:36:35,0.876,36.05
10:36:40,0.849,36.05
10:36:45,0.823,36.05
10:36:50,0.799,36.05
10:36:55,0.776,36.05
10:37:00,0.755,36.05
10:37:05,0.735,36.05
10:37:10,0.716,36.05
10:37:15,0.700,36.05
10:37:20,0.685,36.05
10:37:25,0.671,36.05
10:37:30,0.660,36.05
10:37:35,0.650,36.05
10:37:40,0.642,36.05
10:37:45,0.635,36.05
10:37:50,0.631,36.05
10:37:55,0.628,36.05
10:38:00,0.627,36.05
10:38:05,0.628,36.05
10:38:10,0.631,36.04
10:38:15,0.635,36.04
10:38:20,0.641,36.04
10:38:25,0.649,36.04
10:38:30,0.659,36.04
10:38:35,0.670,36.04
10:38:40,0.683,36.04
10:38:45,0.698,36.04
10:38:50,0.714,36.04
10:38:55,0.731,36.03
10:39:00,0.750,36.03
10:39:05,0.770,36.03
10:39:10,0.792,36.03
10:39:15,0.815,36.03
10:39:20,0.839,36.03
10:39:25,0.864,36.02
10:39:30,0.890,36.02
10:39:35,0.917,36.02
10:39:40,0.944,36.02
10:39:45,0.973,36.02
10:39:50,1.002,36.01
10:39:55,1.032,36.01
10:40:00,1.062,36.01
10:40:05,1.093,36.01
10:40:10,1.123,36.01
10:40:15,1.154,36.00
10:40:20,1.186,36.00
10:40:25,1.217,36.00
10:40:30,1.248,36.00
10:40:35,1.278,36.00
10:40:40,1.309,35.99
10:40:45,1.339,35.99
10:40:50,1.369,35.99
10:40:55,1.398,35.99
10:41:00,1.427,35.98
10:41:05,1.454,35.98
10:41:10,1.481,35.98
10:41:15,1.508,35.97
10:41:20,1.533,35.97
10:41:25,1.557,35.97
10:41:30,1.580,35.97
10:41:35,1.602,35.96
10:41:40,1.622,35.96
10:41:45,1.642,35.96
10:41:50,1.660,35.96
10:41:55,1.677,35.95
10:42:00,1.692,35.95
10:42:05,1.706,35.95
10:42:10,1.718,35.94
10:42:15,1.729,35.94
10:42:20,1.738,35.94
10:42:25,1.746,35.93
10:42:30,1.752,35.93
10:42:35,1.756,35.93
10:42:40,1.759,35.93
10:42:45,1.760,35.92
10:42:50,1.760,35.92
10:42:55,1.758,35.92
10:43:00,1.755,35.91
10:43:05,1.750,35.91
10:43:10,1.743,35.91
10:43:15,1.735,35.90
10:43:20,1.726,35.90
10:43:25,1.715,35.90
10:43:30,1.703,35.89
10:43:35,1.689,35.89
10:43:40,1.674,35.89
10:43:45,1.658,35.88
10:43:50,1.641,35.88
10:43:55,1.623,35.88
10:44:00,1.604,35.87
10:44:05,1.584,35.87
10:44:10,1.563,35.87
10:44:15,1.541,35.86
10:44:20,1.519,35.86
10:44:25,1.496,35.85
10:44:30,1.472,35.85
10:44:35,1.449,35.85
10:44:40,1.424,35.84
10:44:45,1.400,35.84
10:44:50,1.375,35.84
10:44:55,1.350,35.83
10:45:00,1.325,35.83
10:45:05,1.301,35.83
10:45:10,1.276,35.82
10:45:15,1.252,35.82
10:45:20,1.228,35.82
10:45:25,1.205,35.81
10:45:30,1.182,35.81
10:45:35,1.160,35.81
10:45:40,1.139,35.80
10:45:45,1.118,35.80
10:45:50,1.099,35.80
10:45:55,1.080,35.79
10:46:00,1.062,35.79
10:46:05,1.046,35.79
10:46:10,1.030,35.78
10:46:15,1.016,35.78
10:46:20,1.004,35.78
10:46:25,0.992,35.77
10:46:30,0.982,35.77
10:46:35,0.973,35.77
10:46:40,0.966,35.76
10:46:45,0.961,35.76
10:46:50,0.957,35.76
10:46:55,0.954,35.75
10:47:00,0.954,35.75
10:47:05,0.954,35.75
10:47:10,0.957,35.74
10:47:15,0.961,35.74
10:47:20,0.967,35.74
10:47:25,0.974,35.73
10:47:30,0.983,35.73
10:47:35,0.994,35.73
10:47:40,1.007,35.72
10:47:45,1.021,35.72
10:47:50,1.036,35.72
10:47:55,1.053,35.72
10:48:00,1.072,35.71
10:48:05,1.092,35.71
10:48:10,1.113,35.71
10:48:15,1.136,35.70
10:48:20,1.160,35.70
10:48:25,1.185,35.70
10:48:30,1.212,35.70
10:48:35,1.239,35.69
10:48:40,1.268,35.69
10:48:45,1.298,35.69
10:48:50,1.328,35.69
10:48:55,1.359,35.68
10:49:00,1.391,35.68
10:49:05,1.424,35.68
10:49:10,1.457,35.68
10:49:15,1.490,35.67
10:49:20,1.524,35.67
10:49:25,1.558,35.67
10:49:30,1.593,35.67
10:49:35,1.627,35.66
10:49:40,1.661,35.66
10:49:45,1.696,35.66
10:49:50,1.730,35.66
10:49:55,1.763,35.65
10:50:00,1.797,35.65
10:50:05,1.829,35.65
10:50:10,1.862,35.65
10:50:15,1.893,35.65
10:50:20,1.924,35.65
10:50:25,1.954,35.64
10:50:30,1.983,35.64
10:50:35,2.011,35.64
10:50:40,2.037,35.64
10:50:45,2.063,35.64
10:50:50,2.087,35.64
10:50:55,2.110,35.63
10:51:00,2.132,35.63
10:51:05,2.152,35.63
10:51:10,2.171,35.63
10:51:15,2.188,35.63
10:51:20,2.203,35.63
10:51:25,2.217,35.63
10:51:30,2.229,35.62
10:51:35,2.240,35.62
10:51:40,2.248,35.62
10:51:45,2.255,35.62
10:51:50,2.260,35.62
10:51:55,2.264,35.62
10:52:00,2.265,35.62
10:52:05,2.265,35.62
10:52:10,2.263,35.62
10:52:15,2.259,35.62
10:52:20,2.253,35.62
10:52:25,2.245,35.62
10:52:30,2.236,35.62
10:52:35,2.225,35.62
10:52:40,2.212,35.62
10:52:45,2.197,35.62
10:52:50,2.181,35.62
10:52:55,2.164,35.62
10:53:00,2.145,35.62
10:53:05,2.124,35.62
10:53:10,2.102,35.62
10:53:15,2.079,35.62
10:53:20,3.154,35.62
10:53:25,3.128,35.62
10:53:30,3.101,35.62
10:53:35,3.073,35.62
10:53:40,3.045,35.62
10:53:45,3.015,35.62
10:53:50,2.984,35.62
10:53:55,2.953,35.62
10:54:00,2.921,35.62
10:54:05,2.889,35.62
10:54:10,2.856,35.62
10:54:15,2.823,35.62
10:54:20,2.789,35.62
10:54:25,2.756,35.63
10:54:30,2.722,35.63
10:54:35,2.689,35.63
10:54:40,2.655,35.63
10:54:45,2.622,35.63
10:54:50,2.589,35.63
10:54:55,2.557,35.63
10:55:00,1.425,35.64
10:55:05,1.394,35.64
10:55:10,1.364,35.64
10:55:15,1.334,35.64
10:55:20,1.305,35.64
10:55:25,1.277,35.64
10:55:30,1.250,35.65
10:55:35,1.224,35.65
10:55:40,1.199,35.65
10:55:45,1.176,35.65
10:55:50,1.154,35.66
10:55:55,1.133,35.66
10:56:00,1.113,35.66
10:56:05,1.095,35.66
10:56:10,1.079,35.67
10:56:15,1.064,35.67
10:56:20,1.050,35.67
10:56:25,1.038,35.67
10:56:30,1.028,35.68
10:56:35,1.019,35.68
10:56:40,1.012,35.68
10:56:45,1.007,35.69
10:56:50,1.003,35.69
10:56:55,1.001,35.69
10:57:00,1.000,35.70
10:57:05,1.001,35.70
10:57:10,1.004,35.70
10:57:15,1.008,35.71
10:57:20,1.014,35.71
10:57:25,1.021,35.72
10:57:30,1.030,35.72
10:57:35,1.041,35.72
10:57:40,1.052,35.73
10:57:45,1.065,35.73
10:57:50,1.080,35.74
10:57:55,1.095,35.74
10:58:00,1.112,35.74
10:58:05,1.130,35.75
10:58:10,1.148,35.75
10:58:15,1.168,35.76
10:58:20,1.189,35.76
10:58:25,1.210,35.77
10:58:30,1.233,35.77
10:58:35,1.255,35.78
10:58:40,1.279,35.78
10:58:45,1.302,35.79
10:58:50,1.327,35.79
10:58:55,1.351,35.80
10:59:00,1.376,35.80
10:59:05,1.401,35.81
10:59:10,1.425,35.81
10:59:15,1.450,35.82
10:59:20,1.474,35.82
10:59:25,1.499,35.83
10:59:30,1.523,35.83
10:59:35,1.546,35.84
10:59:40,1.569,35.85
10:59:45,1.591,35.85
10:59:50,1.613,35.86
10:59:55,1.634,35.86
11:00:00,1.654,35.87
11:00:05,1.673,35.87
11:00:10,1.691,35.88
11:00:15,1.708,35.89
11:00:20,1.723,35.89
11:00:25,1.738,35.90
11:00:30,1.751,35.91
11:00:35,1.763,35.91
11:00:40,1.774,35.92
11:00:45,1.783,35.93
11:00:50,1.791,35.93
11:00:55,1.797,35.94
11:01:00,1.802,35.95
11:01:05,1.805,35.95
11:01:10,1.807,35.96
11:01:15,1.807,35.97
11:01:20,1.805,35.97
11:01:25,1.802,35.98
11:01:30,1.797,35.99
11:01:35,1.791,35.99
11:01:40,1.783,36.00
11:01:45,1.773,36.01
11:01:50,1.762,36.02
11:01:55,1.749,36.02
11:02:00,1.735,36.03
11:02:05,1.719,36.04
11:02:10,1.702,36.05
11:02:15,1.684,36.05
11:02:20,1.664,36.06
11:02:25,1.643,36.07
11:02:30,1.620,36.08
11:02:35,1.597,36.09
11:02:40,1.572,36.09
11:02:45,1.547,36.10
11:02:50,1.520,36.11
11:02:55,1.492,36.12
11:03:00,1.464,36.13
11:03:05,1.435,36.13
11:03:10,1.405,36.14
11:03:15,1.375,36.15
11:03:20,1.344,36.16
11:03:25,1.313,36.17
11:03:30,1.282,36.18
11:03:35,1.250,36.18
11:03:40,1.218,36.19
11:03:45,1.187,36.20
11:03:50,1.155,36.21
11:03:55,1.124,36.22
11:04:00,1.092,36.23
11:04:05,1.062,36.24
11:04:10,1.031,36.24
11:04:15,1.001,36.25
11:04:20,0.972,36.26
11:04:25,0.944,36.27
11:04:30,0.916,36.28
11:04:35,0.890,36.29
11:04:40,0.864,36.30
11:04:45,0.839,36.31
11:04:50,0.816,36.32
11:04:55,0.794,36.33
11:05:00,0.773,36.33
11:05:05,0.753,36.34
11:05:10,0.735,36.35
11:05:15,0.718,36.36
11:05:20,0.703,36.37
11:05:25,0.689,36.38
11:05:30,0.677,36.39
11:05:35,0.667,36.40
11:05:40,0.659,36.41
11:05:45,0.652,36.42
11:05:50,0.647,36.43
11:05:55,0.643,36.44
11:06:00,0.642,36.45
11:06:05,0.642,36.46
11:06:10,0.644,36.47
11:06:15,0.648,36.48
11:06:20,0.654,36.48
11:06:25,0.661,36.49
11:06:30,0.671,36.50
11:06:35,0.682,36.51
11:06:40,0.694,36.52
11:06:45,0.709,36.53
11:06:50,0.725,36.54
11:06:55,0.743,36.55
11:07:00,0.762,36.56
11:07:05,0.783,36.57
11:07:10,0.806,36.58
11:07:15,0.829,36.59
11:07:20,0.854,36.60
11:07:25,0.881,36.61
11:07:30,0.909,36.62
11:07:35,0.937,36.63
11:07:40,0.967,36.64
11:07:45,0.998,36.65
11:07:50,1.030,36.66
11:07:55,1.062,36.67
11:08:00,1.095,36.68
11:08:05,1.129,36.69
11:08:10,1.164,36.70
11:08:15,1.199,36.71
11:08:20,1.234,36.72
11:08:25,1.269,36.73
11:08:30,1.305,36.74
11:08:35,1.340,36.75
11:08:40,1.376,36.76
11:08:45,1.412,36.77
11:08:50,1.447,36.78
11:08:55,1.482,36.79
11:09:00,1.517,36.80
11:09:05,1.551,36.81
11:09:10,1.584,36.82
11:09:15,1.617,36.83
11:09:20,1.649,36.84
11:09:25,1.680,36.85
11:09:30,1.710,36.86
11:09:35,1.739,36.87
11:09:40,1.767,36.88
11:09:45,1.794,36.89
11:09:50,1.820,36.90
11:09:55,1.845,36.91
11:10:00,1.868,36.92
11:10:05,1.889,36.93
11:10:10,1.910,36.93
11:10:15,1.928,36.94
11:10:20,1.945,36.95
11:10:25,1.961,36.96
11:10:30,1.975,36.97
11:10:35,1.987,36.98
11:10:40,1.998,36.99
11:10:45,2.007,37.00
11:10:50,2.014,37.01
11:10:55,2.020,37.02
11:11:00,2.024,37.03
11:11:05,2.026,37.04
11:11:10,2.026,37.05
11:11:15,2.025,37.06
11:11:20,2.022,37.07
11:11:25,2.018,37.08
11:11:30,2.012,37.09
11:11:35,2.004,37.10
11:11:40,1.995,37.11
11:11:45,1.984,37.12
11:11:50,1.972,37.12
11:11:55,1.959,37.13
11:12:00,1.944,37.14
11:12:05,1.928,37.15
11:12:10,1.910,37.16
11:12:15,1.892,37.17
11:12:20,1.873,37.18
11:12:25,1.852,37.19
11:12:30,1.831,37.20
11:12:35,1.809,37.21
11:12:40,1.786,37.22
11:12:45,1.762,37.22
11:12:50,1.738,37.23
11:12:55,1.713,37.24
11:13:00,1.688,37.25
11:13:05,1.663,37.26
11:13:10,1.637,37.27
11:13:15,1.612,37.28
11:13:20,1.586,37.28
11:13:25,1.560,37.29
11:13:30,1.535,37.30
11:13:35,1.510,37.31
11:13:40,1.485,37.32
11:13:45,1.460,37.33
11:13:50,1.436,37.34
11:13:55,1.413,37.34
11:14:00,1.390,37.35
11:14:05,1.368,37.36
11:14:10,1.347,37.37
11:14:15,1.327,37.38
11:14:20,1.308,37.38
11:14:25,1.290,37.39
11:14:30,1.273,37.40
11:14:35,1.257,37.41
11:14:40,1.243,37.42
11:14:45,1.229,37.42
11:14:50,1.217,37.43
11:14:55,1.207,37.44
11:15:00,1.198,37.45
11:15:05,1.190,37.45
11:15:10,1.184,37.46
11:15:15,1.179,37.47
11:15:20,1.176,37.48
11:15:25,1.175,37.48
11:15:30,1.175,37.49
11:15:35,1.176,37.50
11:15:40,1.179,37.50
11:15:45,1.184,37.51
11:15:50,1.191,37.52
11:15:55,1.198,37.52
11:16:00,1.208,37.53
11:16:05,1.219,37.54
11:16:10,1.231,37.54
11:16:15,1.245,37.55
11:16:20,1.260,37.56
11:16:25,1.277,37.56
11:16:30,1.295,37.57
11:16:35,1.314,37.58
11:16:40,1.334,37.58
11:16:45,1.355,37.59
11:16:50,1.378,37.60
11:16:55,1.401,37.60
11:17:00,1.426,37.61
11:17:05,1.451,37.61
11:17:10,1.477,37.62
11:17:15,1.504,37.63
11:17:20,1.531,37.63
11:17:25,1.559,37.64
11:17:30,1.588,37.64
11:17:35,1.616,37.65
11:17:40,1.645,37.65
11:17:45,1.674,37.66
11:17:50,1.703,37.67
11:17:55,1.733,37.67
11:18:00,1.762,37.68
11:18:05,1.790,37.68
11:18:10,1.819,37.69
11:18:15,1.847,37.69
11:18:20,1.874,37.70
11:18:25,1.902,37.70
11:18:30,1.928,37.71
11:18:35,1.953,37.71
11:18:40,1.978,37.72
11:18:45,2.002,37.72
11:18:50,2.025,37.72
11:18:55,2.047,37.73
11:19:00,2.067,37.73
11:19:05,2.087,37.74
11:19:10,2.105,37.74
11:19:15,2.121,37.75
11:19:20,2.137,37.75
11:19:25,2.150,37.75
11:19:30,2.163,37.76
11:19:35,2.173,37.76
11:19:40,2.183,37.77
11:19:45,2.190,37.77
11:19:50,2.196,37.77
11:19:55,2.200,37.78
11:20:00,2.202,37.78
11:20:05,2.203,37.78
11:20:10,2.201,37.79
11:20:15,2.198,37.79
11:20:20,2.194,37.79
11:20:25,2.187,37.80
11:20:30,2.179,37.80
11:20:35,2.169,37.80
11:20:40,2.157,37.80
11:20:45,2.143,37.81
11:20:50,2.128,37.81
11:20:55,2.111,37.81
11:21:00,2.093,37.82
11:21:05,2.073,37.82
11:21:10,2.051,37.82
11:21:15,2.028,37.82
11:21:20,2.004,37.83
11:21:25,1.978,37.83
11:21:30,1.951,37.83
11:21:35,1.923,37.83
11:21:40,1.893,37.83
11:21:45,1.863,37.84
11:21:50,1.831,37.84
11:21:55,1.799,37.84
11:22:00,1.766,37.84
11:22:05,1.732,37.84
11:22:10,1.697,37.84
11:22:15,1.662,37.85
11:22:20,1.627,37.85
11:22:25,1.591,37.85
11:22:30,1.555,37.85
11:22:35,1.518,37.85
11:22:40,1.482,37.85
11:22:45,1.446,37.85
11:22:50,1.409,37.85
11:22:55,1.373,37.86
11:23:00,1.338,37.86
11:23:05,1.302,37.86
11:23:10,1.268,37.86
11:23:15,1.233,37.86
11:23:20,1.200,37.86
11:23:25,1.167,37.86
11:23:30,1.135,37.86
11:23:35,1.104,37.86
11:23:40,1.075,37.86
11:23:45,1.046,37.86
11:23:50,1.018,37.86
11:23:55,0.992,37.86
11:24:00,0.967,37.86
11:24:05,0.943,37.86
11:24:10,0.921,37.86
11:24:15,0.900,37.86
11:24:20,0.881,37.86
11:24:25,0.863,37.86
11:24:30,0.847,37.86
11:24:35,0.832,37.86
11:24:40,0.820,37.86
11:24:45,0.809,37.86
11:24:50,0.799,37.86
11:24:55,0.792,37.86
11:25:00,0.786,37.86
11:25:05,0.782,37.86
11:25:10,0.780,37.86
11:25:15,0.779,37.85
11:25:20,0.781,37.85
11:25:25,0.784,37.85
11:25:30,0.788,37.85
11:25:35,0.795,37.85
11:25:40,0.802,37.85
11:25:45,0.812,37.85
11:25:50,0.823,37.85
11:25:55,0.836,37.85
11:26:00,0.850,37.84
11:26:05,0.866,37.84
11:26:10,0.882,37.84
11:26:15,0.901,37.84
11:26:20,0.920,37.84
11:26:25,0.941,37.84
11:26:30,0.962,37.83
11:26:35,0.985,37.83
11:26:40,1.008,37.83
11:26:45,1.033,37.83
11:26:50,1.058,37.83
11:26:55,1.084,37.83
11:27:00,1.110,37.82
11:27:05,1.137,37.82
11:27:10,1.165,37.82
11:27:15,1.192,37.82
11:27:20,1.220,37.82
11:27:25,1.248,37.81
11:27:30,1.276,37.81
11:27:35,1.304,37.81
11:27:40,1.332,37.81
11:27:45,1.359,37.80
11:27:50,1.387,37.80
11:27:55,1.413,37.80
11:28:00,1.440,37.80
11:28:05,1.465,37.79
11:28:10,1.490,37.79
11:28:15,1.515,37.79
11:28:20,1.538,37.79
11:28:25,1.561,37.78
11:28:30,1.582,37.78
11:28:35,1.603,37.78
11:28:40,1.622,37.77
11:28:45,1.640,37.77
11:28:50,1.657,37.77
11:28:55,1.673,37.77
11:29:00,1.687,37.76
11:29:05,1.700,37.76
11:29:10,1.711,37.76
11:29:15,1.721,37.75
11:29:20,1.730,37.75
11:29:25,1.737,37.75
11:29:30,1.742,37.75
11:29:35,1.746,37.74
11:29:40,1.748,37.74
11:29:45,1.749,37.74
11:29:50,1.748,37.73
11:29:55,1.746,37.73
11:30:00,1.742,37.73
11:30:05,1.737,37.72
11:30:10,1.730,37.72
11:30:15,1.721,37.72
11:30:20,1.711,37.71
11:30:25,1.700,37.71
11:30:30,1.687,37.71
11:30:35,1.673,37.70
11:30:40,1.657,37.70
11:30:45,1.641,37.70
11:30:50,1.623,37.69
11:30:55,1.604,37.69
11:31:00,1.584,37.69
11:31:05,1.563,37.68
11:31:10,1.541,37.68
11:31:15,1.518,37.68
11:31:20,1.495,37.67
11:31:25,1.471,37.67
11:31:30,1.446,37.67
11:31:35,1.421,37.66
11:31:40,1.395,37.66
11:31:45,1.369,37.66
11:31:50,1.343,37.65
11:31:55,1.316,37.65
11:32:00,1.290,37.65
11:32:05,1.263,37.64
11:32:10,1.237,37.64
11:32:15,1.211,37.64
11:32:20,1.185,37.63
11:32:25,1.159,37.63
11:32:30,1.134,37.62
11:32:35,1.110,37.62
11:32:40,1.086,37.62
11:32:45,1.063,37.61
11:32:50,1.041,37.61
11:32:55,1.020,37.61
11:33:00,1.000,37.60
11:33:05,0.981,37.60
11:33:10,0.963,37.60
11:33:15,0.946,37.59
11:33:20,0.930,37.59
11:33:25,0.916,37.59
11:33:30,0.903,37.58
11:33:35,0.892,37.58
11:33:40,0.882,37.58
11:33:45,0.874,37.57
11:33:50,0.867,37.57
11:33:55,0.862,37.57
11:34:00,0.859,37.56
11:34:05,0.857,37.56
11:34:10,0.857,37.56
11:34:15,0.858,37.55
11:34:20,0.862,37.55
11:34:25,0.867,37.55
11:34:30,0.874,37.54
11:34:35,0.882,37.54
11:34:40,0.892,37.54
11:34:45,0.904,37.54
11:34:50,0.918,37.53
11:34:55,0.933,37.53
11:35:00,0.950,37.53
11:35:05,0.969,37.52
11:35:10,0.989,37.52
11:35:15,1.010,37.52
11:35:20,1.033,37.51
11:35:25,1.057,37.51
11:35:30,1.083,37.51
11:35:35,1.110,37.51
11:35:40,1.138,37.50
11:35:45,1.167,37.50
11:35:50,1.197,37.50
11:35:55,1.229,37.50
11:36:00,1.261,37.49
11:36:05,1.294,37.49
11:36:10,1.328,37.49
11:36:15,1.362,37.49
11:36:20,1.397,37.48
11:36:25,1.432,37.48
11:36:30,1.468,37.48
11:36:35,1.504,37.48
11:36:40,1.540,40.27
11:36:45,1.576,40.27
11:36:50,1.612,40.27
11:36:55,1.648,40.27
11:37:00,1.684,40.27
11:37:05,1.720,40.26
11:37:10,1.755,40.26
11:37:15,1.790,40.26
11:37:20,1.824,40.26
11:37:25,1.857,40.26
11:37:30,1.889,40.25
11:37:35,1.921,40.25
11:37:40,1.952,40.25
11:37:45,1.982,40.25
11:37:50,2.010,40.25
11:37:55,2.038,40.25
11:38:00,2.064,40.24
11:38:05,2.089,40.24
11:38:10,2.112,40.24
11:38:15,2.134,40.24
11:38:20,2.155,40.24
11:38:25,2.174,40.24
11:38:30,2.191,40.24
11:38:35,2.207,40.23
11:38:40,2.221,40.23
11:38:45,2.234,40.23
11:38:50,2.244,40.23
11:38:55,2.253,40.23
11:39:00,2.260,40.23
11:39:05,2.265,40.23
11:39:10,2.269,40.23
11:39:15,2.271,40.23
11:39:20,2.271,40.23
11:39:25,2.269,40.23
11:39:30,2.265,40.23
11:39:35,2.260,40.23
11:39:40,2.252,40.23
11:39:45,2.243,40.23
11:39:50,2.233,40.23
11:39:55,2.221,40.22
11:40:00,2.207,40.22
11:40:05,2.192,37.42
11:40:10,2.175,37.42
11:40:15,2.157,37.42
11:40:20,2.137,37.43
11:40:25,2.116,37.43
11:40:30,2.094,37.43
11:40:35,2.071,37.43
11:40:40,2.047,37.43
11:40:45,2.021,37.43
11:40:50,1.995,37.43
11:40:55,1.968,37.43
11:41:00,1.940,37.43
11:41:05,1.912,37.43
11:41:10,1.883,37.43
11:41:15,1.853,37.43
11:41:20,1.823,37.43
11:41:25,1.793,37.43
11:41:30,1.763,37.43
11:41:35,1.732,37.44
11:41:40,1.702,37.44
11:41:45,1.671,37.44
11:41:50,1.641,37.44
11:41:55,1.611,37.44
11:42:00,1.581,37.44
11:42:05,1.552,37.44
11:42:10,1.523,37.45
11:42:15,1.495,37.45
11:42:20,1.468,37.45
11:42:25,1.441,37.45
11:42:30,1.416,37.45
11:42:35,1.391,37.46
11:42:40,1.367,37.46
11:42:45,1.345,37.46
11:42:50,1.323,37.46
11:42:55,1.303,37.46
11:43:00,1.284,37.47
11:43:05,1.266,37.47
11:43:10,1.250,37.47
11:43:15,1.235,37.47
11:43:20,1.221,37.48
11:43:25,1.209,37.48
11:43:30,1.199,37.48
11:43:35,1.190,37.49
11:43:40,1.183,37.49
11:43:45,1.177,37.49
11:43:50,1.173,37.50
11:43:55,1.170,37.50
11:44:00,1.169,37.50
11:44:05,1.170,37.51
11:44:10,1.172,37.51
11:44:15,1.176,37.51
11:44:20,1.181,37.52
11:44:25,1.188,37.52
11:44:30,1.196,37.52
11:44:35,1.206,37.53
11:44:40,1.217,37.53
11:44:45,1.229,37.53
11:44:50,1.243,37.54
11:44:55,1.258,37.54
11:45:00,2.024,37.55
11:45:05,2.042,37.55
11:45:10,2.060,37.56
11:45:15,2.079,37.56
11:45:20,2.100,37.56
11:45:25,2.121,37.57
11:45:30,2.143,37.57
11:45:35,2.166,37.58
11:45:40,2.189,37.58
11:45:45,2.213,37.59
11:45:50,2.237,37.59
11:45:55,2.262,37.60
11:46:00,2.286,37.60
11:46:05,2.311,37.61
11:46:10,2.336,37.61
11:46:15,2.362,37.62
11:46:20,2.387,37.62
11:46:25,2.411,37.63
11:46:30,2.436,37.63
11:46:35,2.460,37.64
11:46:40,2.484,37.65
11:46:45,1.757,37.65
11:46:50,1.779,37.66
11:46:55,1.801,37.66
11:47:00,1.822,37.67
11:47:05,1.842,37.68
11:47:10,1.861,37.68
11:47:15,1.879,37.69
11:47:20,1.896,37.69
11:47:25,1.911,37.70
11:47:30,1.926,37.71
11:47:35,1.939,37.71
11:47:40,1.951,37.72
11:47:45,1.961,37.73
11:47:50,1.970,37.73
11:47:55,1.978,37.74
11:48:00,1.983,37.75
11:48:05,1.988,37.75
11:48:10,1.991,37.76
11:48:15,1.992,37.77
11:48:20,1.991,37.77
11:48:25,1.989,37.78
11:48:30,1.985,37.79
11:48:35,1.980,37.79
11:48:40,1.972,37.80
11:48:45,1.964,37.81
11:48:50,1.953,37.82
11:48:55,1.941,37.82
11:49:00,1.927,37.83
11:49:05,1.912,37.84
11:49:10,1.895,37.85
11:49:15,1.877,37.85
11:49:20,1.857,37.86
11:49:25,1.836,37.87
11:49:30,1.813,37.88
11:49:35,1.789,37.88
11:49:40,1.764,37.89
11:49:45,1.738,37.90
11:49:50,1.710,37.91
11:49:55,1.682,37.92
11:50:00,1.652,37.92
11:50:05,1.622,37.93
11:50:10,1.590,37.94
11:50:15,1.559,37.95
11:50:20,1.526,37.96
11:50:25,1.493,37.96
11:50:30,1.459,37.97
11:50:35,1.425,37.98
11:50:40,1.391,37.99
11:50:45,1.357,38.00
11:50:50,1.322,38.01
11:50:55,1.288,38.02
11:51:00,1.253,38.02
11:51:05,1.219,38.03
11:51:10,1.185,38.04
11:51:15,1.152,38.05
11:51:20,1.119,38.06
11:51:25,1.086,38.07
11:51:30,1.055,38.08
11:51:35,1.024,38.09
11:51:40,2.093,38.09
11:51:45,2.064,38.10
11:51:50,2.036,38.11
11:51:55,2.009,38.12
11:52:00,1.983,38.13
11:52:05,1.958,38.14
11:52:10,1.935,38.15
11:52:15,1.913,38.16
11:52:20,1.892,38.17
11:52:25,1.873,38.18
11:52:30,1.856,38.19
11:52:35,1.840,38.19
11:52:40,1.826,38.20
11:52:45,1.813,38.21
11:52:50,1.802,38.22
11:52:55,1.793,38.23
11:53:00,1.786,38.24
11:53:05,1.780,38.25
11:53:10,1.776,38.26
11:53:15,1.775,38.27
11:53:20,0.674,38.28
11:53:25,0.676,38.29
11:53:30,0.680,38.30
11:53:35,0.685,38.31
11:53:40,0.692,38.32
11:53:45,0.701,38.33
11:53:50,0.712,38.34
11:53:55,0.724,38.35
11:54:00,0.738,38.36
11:54:05,0.754,38.37
11:54:10,0.771,38.38
11:54:15,0.790,38.39
11:54:20,0.810,38.40
11:54:25,0.832,38.41
11:54:30,0.854,38.42
11:54:35,0.879,38.43
11:54:40,0.904,38.44
11:54:45,0.931,38.44
11:54:50,0.958,38.45
11:54:55,0.987,38.46
11:55:00,1.016,38.47
11:55:05,1.047,38.48
11:55:10,1.078,38.49
11:55:15,1.109,38.50
11:55:20,1.141,38.51
11:55:25,1.174,38.52
11:55:30,1.207,38.53
11:55:35,1.240,38.54
11:55:40,1.273,38.55
11:55:45,1.307,38.56
11:55:50,1.340,38.57
11:55:55,1.373,38.58
11:56:00,1.406,38.59
11:56:05,1.439,38.60
11:56:10,1.471,38.61
11:56:15,1.503,38.62
11:56:20,1.534,38.63
11:56:25,1.565,38.64
11:56:30,1.595,38.65
11:56:35,1.623,38.66
11:56:40,1.651,38.67
11:56:45,1.678,38.68
11:56:50,1.704,38.69
11:56:55,1.729,38.70
11:57:00,1.753,38.71
11:57:05,1.775,38.72
11:57:10,1.796,38.73
11:57:15,1.816,38.74
11:57:20,1.834,38.75
11:57:25,1.851,38.76
11:57:30,1.866,38.77
11:57:35,1.879,38.78
11:57:40,1.892,38.79
11:57:45,1.902,38.80
11:57:50,1.911,38.81
11:57:55,1.918,38.82
11:58:00,1.924,38.83
11:58:05,1.928,38.84
11:58:10,1.930,38.85
11:58:15,1.931,38.85
11:58:20,1.930,38.86
11:58:25,1.928,38.87
11:58:30,1.924,38.88
11:58:35,1.918,38.89
11:58:40,1.911,38.90
11:58:45,1.902,38.91
11:58:50,1.892,38.92
11:58:55,1.881,38.93
11:59:00,1.868,38.94
11:59:05,1.854,38.95
11:59:10,1.839,38.96
11:59:15,1.823,38.97
11:59:20,1.805,38.98
11:59:25,1.786,38.98
11:59:30,1.767,38.99
11:59:35,1.747,39.00
11:59:40,1.725,39.01
11:59:45,1.703,39.02
11:59:50,1.681,39.03
11:59:55,1.658,39.04
12:00:00,1.634,39.05
12:00:05,1.610,39.06
12:00:10,1.586,39.06
12:00:15,1.562,39.07
12:00:20,1.537,39.08
12:00:25,1.513,39.09
12:00:30,1.488,39.10
12:00:35,1.464,39.11
12:00:40,1.440,39.12
12:00:45,1.416,39.12
12:00:50,1.393,39.13
12:00:55,1.370,39.14
12:01:00,1.348,39.15
12:01:05,1.327,39.16
12:01:10,1.306,39.17
12:01:15,1.286,39.17
12:01:20,1.268,39.18
12:01:25,1.250,39.19
12:01:30,1.233,39.20
12:01:35,1.218,39.21
12:01:40,1.203,39.21
12:01:45,1.190,39.22
12:01:50,1.178,39.23
12:01:55,1.168,39.24
12:02:00,1.159,39.24
12:02:05,1.151,39.25
12:02:10,1.145,39.26
12:02:15,1.141,39.27
12:02:20,1.138,39.27
12:02:25,1.136,39.28
12:02:30,1.137,39.29
12:02:35,1.138,39.30
12:02:40,1.142,39.30
12:02:45,1.147,39.31
12:02:50,1.153,39.32
12:02:55,1.162,39.32
12:03:00,1.172,39.33
12:03:05,1.183,39.34
12:03:10,1.196,39.34
12:03:15,1.210,39.35
12:03:20,1.226,39.36
12:03:25,1.244,39.36
12:03:30,1.263,39.37
12:03:35,1.283,39.38
12:03:40,1.304,39.38
12:03:45,1.327,39.39
12:03:50,1.351,39.40
12:03:55,1.376,39.40
12:04:00,1.402,39.41
12:04:05,1.429,39.42
12:04:10,1.457,39.42
12:04:15,1.486,39.43
12:04:20,1.515,39.43
12:04:25,1.545,39.44
12:04:30,1.576,39.44
12:04:35,1.607,39.45
12:04:40,1.639,39.46
12:04:45,1.671,39.46
12:04:50,1.703,39.47
12:04:55,1.735,39.47
12:05:00,1.768,39.48
12:05:05,1.800,39.48
12:05:10,1.832,39.49
12:05:15,1.864,39.49
12:05:20,1.895,39.50
12:05:25,1.926,39.50
12:05:30,1.957,39.51
12:05:35,1.986,39.51
12:05:40,2.015,39.52
12:05:45,2.044,39.52
12:05:50,2.071,39.53
12:05:55,2.097,39.53
12:06:00,2.123,39.54
12:06:05,2.147,39.54
12:06:10,2.170,39.54
12:06:15,2.192,39.55
12:06:20,2.212,39.55
12:06:25,2.231,39.56
12:06:30,2.249,39.56
12:06:35,2.265,39.57
12:06:40,2.279,39.57
12:06:45,2.292,39.57
12:06:50,2.303,39.58
12:06:55,2.312,39.58
12:07:00,2.320,39.58
12:07:05,2.326,39.59
12:07:10,2.330,39.59
12:07:15,2.332,39.59
12:07:20,2.333,39.60
12:07:25,2.331,39.60
12:07:30,2.328,39.60
12:07:35,2.323,39.61
12:07:40,2.316,39.61
12:07:45,2.308,39.61
12:07:50,2.298,39.62
12:07:55,2.286,39.62
12:08:00,2.272,39.62
12:08:05,2.256,39.62
12:08:10,2.239,39.63
12:08:15,2.221,39.63
12:08:20,2.201,39.63
12:08:25,2.179,39.63
12:08:30,2.156,39.64
12:08:35,2.131,39.64
12:08:40,2.106,39.64
12:08:45,2.079,39.64
12:08:50,2.050,39.64
12:08:55,2.021,39.65
12:09:00,1.991,39.65
12:09:05,1.960,39.65
12:09:10,1.928,39.65
12:09:15,1.895,39.65
12:09:20,1.862,39.65
12:09:25,1.828,39.66
12:09:30,1.794,39.66
12:09:35,1.759,39.66
12:09:40,1.724,39.66
12:09:45,1.689,39.66
12:09:50,1.653,39.66
12:09:55,1.618,39.66
12:10:00,1.583,39.66
12:10:05,1.548,39.67
12:10:10,1.513,39.67
12:10:15,1.479,39.67
12:10:20,1.445,39.67
12:10:25,1.412,39.67
12:10:30,1.380,39.67
12:10:35,1.348,39.67
12:10:40,1.317,39.67
12:10:45,1.287,39.67
12:10:50,1.258,39.67
12:10:55,1.230,39.67
12:11:00,1.203,39.67
12:11:05,1.177,39.67
12:11:10,1.153,39.67
12:11:15,1.130,39.67
12:11:20,1.109,39.67
12:11:25,1.088,39.67
12:11:30,1.070,39.67
12:11:35,1.053,39.67
12:11:40,1.037,39.67
12:11:45,1.023,39.67
12:11:50,1.011,39.67
12:11:55,1.000,39.67
12:12:00,0.991,39.67
12:12:05,0.984,39.67
12:12:10,0.978,39.67
12:12:15,0.974,39.67
12:12:20,0.972,39.66
12:12:25,0.971,39.66
12:12:30,0.973,39.66
12:12:35,0.975,39.66
12:12:40,0.980,39.66
12:12:45,0.986,39.66
12:12:50,0.993,39.66
12:12:55,1.002,39.66
12:13:00,1.013,39.66
12:13:05,1.025,39.65
12:13:10,1.038,39.65
12:13:15,1.053,39.65
12:13:20,1.069,39.65
12:13:25,1.086,39.65
12:13:30,1.104,39.65
12:13:35,1.124,39.65
12:13:40,1.144,39.64
12:13:45,1.165,39.64
12:13:50,1.187,39.64
12:13:55,1.210,39.64
12:14:00,1.234,39.64
12:14:05,1.258,39.63
12:14:10,1.282,39.63
12:14:15,1.307,39.63
12:14:20,1.333,39.63
12:14:25,1.358,39.63
12:14:30,1.384,39.62
12:14:35,1.409,39.62
12:14:40,1.435,39.62
12:14:45,1.460,39.62
12:14:50,1.486,39.61
12:14:55,1.510,39.61
12:15:00,1.535,39.61
12:15:05,1.559,39.61
12:15:10,1.582,39.60
12:15:15,1.605,39.60
12:15:20,1.627,39.60
12:15:25,1.648,39.60
12:15:30,1.668,39.59
12:15:35,1.687,39.59
12:15:40,1.705,39.59
12:15:45,1.722,39.59
12:15:50,1.738,39.58
12:15:55,1.753,39.58
12:16:00,1.766,39.58
12:16:05,1.778,39.57
12:16:10,1.789,39.57
12:16:15,1.798,39.57
12:16:20,1.805,39.57
12:16:25,1.812,39.56
12:16:30,1.816,39.56
12:16:35,1.819,39.56
12:16:40,1.821,39.55
12:16:45,1.821,39.55
12:16:50,1.819,39.55
12:16:55,1.816,39.54
12:17:00,1.811,39.54
12:17:05,1.805,39.54
12:17:10,1.797,39.53
12:17:15,1.788,39.53
12:17:20,1.777,39.53
12:17:25,1.765,39.52
12:17:30,1.751,39.52
12:17:35,1.735,39.52
12:17:40,1.719,39.51
12:17:45,1.701,39.51
12:17:50,1.682,39.51
12:17:55,1.661,39.50
12:18:00,1.640,39.50
12:18:05,1.617,39.50
12:18:10,1.594,39.49
12:18:15,1.569,39.49
12:18:20,1.544,39.49
12:18:25,1.518,39.48
12:18:30,1.491,39.48
12:18:35,1.463,39.48
12:18:40,1.435,39.47
12:18:45,1.407,39.47
12:18:50,1.378,39.47
12:18:55,1.349,39.46
12:19:00,1.319,39.46
12:19:05,1.290,39.46
12:19:10,1.261,39.45
12:19:15,1.231,39.45
12:19:20,1.202,39.45
12:19:25,1.174,39.44
12:19:30,1.145,39.44
12:19:35,1.117,39.44
12:19:40,1.090,39.43
12:19:45,1.064,39.43
12:19:50,1.038,39.43
12:19:55,1.013,39.42
12:20:00,0.988,39.42
12:20:05,0.965,39.42
12:20:10,0.943,39.41
12:20:15,0.922,39.41
12:20:20,0.903,39.41
12:20:25,0.884,39.40
12:20:30,0.867,39.40
12:20:35,0.852,39.39
12:20:40,0.837,39.39
12:20:45,0.825,39.39
12:20:50,0.814,39.38
12:20:55,0.804,39.38
12:21:00,0.796,39.38
12:21:05,0.790,39.38
12:21:10,0.786,39.37
12:21:15,0.783,39.37
12:21:20,0.782,39.37
12:21:25,0.783,39.36
12:21:30,0.786,39.36
12:21:35,0.790,39.36
12:21:40,0.797,39.35
12:21:45,0.805,39.35
12:21:50,0.815,39.35
12:21:55,0.826,39.34
12:22:00,0.839,39.34
12:22:05,0.854,39.34
12:22:10,0.871,39.33
12:22:15,0.889,39.33
12:22:20,0.909,39.33
12:22:25,0.930,39.33
12:22:30,0.953,39.32
12:22:35,0.977,39.32
12:22:40,1.003,39.32
12:22:45,1.030,39.31
12:22:50,1.058,39.31
12:22:55,1.087,39.31
12:23:00,1.118,39.31
12:23:05,1.149,39.30
12:23:10,1.181,39.30
12:23:15,1.214,39.30
12:23:20,1.248,39.30
12:23:25,1.283,39.29
12:23:30,1.318,39.29
12:23:35,1.353,39.29
12:23:40,1.389,39.29
12:23:45,1.426,39.28
12:23:50,1.462,39.28
12:23:55,1.498,39.28
12:24:00,1.535,39.28
12:24:05,1.571,39.28
12:24:10,1.608,39.27
12:24:15,1.643,39.27
12:24:20,1.679,39.27
12:24:25,1.714,39.27
12:24:30,1.748,39.27
12:24:35,1.782,39.26
12:24:40,1.815,39.26
12:24:45,1.848,39.26
12:24:50,1.879,39.26
12:24:55,1.909,39.26
12:25:00,1.938,39.26
12:25:05,1.966,39.25
12:25:10,1.993,39.25
12:25:15,2.019,39.25
12:25:20,2.043,39.25
12:25:25,2.066,39.25
12:25:30,2.087,39.25
12:25:35,2.107,39.25
12:25:40,2.125,39.25
12:25:45,2.141,39.24
12:25:50,2.156,39.24
12:25:55,2.170,39.24
12:26:00,2.181,39.24
12:26:05,2.191,39.24
12:26:10,2.199,39.24
12:26:15,2.205,39.24
12:26:20,2.210,39.24
12:26:25,2.213,39.24
12:26:30,2.214,39.24
12:26:35,2.213,39.24
12:26:40,2.211,39.24
12:26:45,2.207,39.24
12:26:50,2.201,39.24
12:26:55,2.194,39.23
12:27:00,2.185,39.23
12:27:05,2.175,39.23
12:27:10,2.163,39.23
12:27:15,2.149,39.23
12:27:20,2.134,39.23
12:27:25,2.118,39.23
12:27:30,2.100,39.23
12:27:35,2.082,39.24
12:27:40,2.062,39.24
12:27:45,2.041,39.24
12:27:50,2.019,39.24
12:27:55,1.996,39.24
12:28:00,1.972,39.24
12:28:05,1.947,39.24
12:28:10,1.922,39.24
12:28:15,1.896,39.24
12:28:20,1.870,39.24
12:28:25,1.843,39.24
12:28:30,1.816,39.24
12:28:35,1.789,39.24
12:28:40,1.761,39.24
12:28:45,1.734,39.25
12:28:50,1.706,39.25
12:28:55,1.679,39.25
12:29:00,1.652,39.25
12:29:05,1.625,39.25
12:29:10,1.599,39.25
12:29:15,1.573,39.25
12:29:20,1.548,39.26
12:29:25,1.523,39.26
12:29:30,1.499,39.26
12:29:35,1.476,39.26
12:29:40,1.454,39.26
12:29:45,1.433,39.27
12:29:50,1.413,39.27
12:29:55,1.394,39.27
12:30:00,1.376,39.27
12:30:05,1.360,39.28
12:30:10,1.345,39.28
12:30:15,1.331,39.28
12:30:20,1.318,39.28
12:30:25,1.307,39.29
12:30:30,1.298,39.29
12:30:35,1.290,39.29
12:30:40,1.283,39.29
12:30:45,1.278,39.30
12:30:50,1.274,39.30
12:30:55,1.272,39.30
12:31:00,1.272,39.31
12:31:05,1.273,39.31
12:31:10,1.276,39.31
12:31:15,1.280,39.32
12:31:20,1.286,39.32
12:31:25,1.293,39.32
12:31:30,1.302,39.33
12:31:35,1.313,39.33
12:31:40,1.324,39.33
12:31:45,1.338,39.34
12:31:50,1.352,39.34
12:31:55,1.368,39.35
12:32:00,1.385,39.35
12:32:05,1.403,39.35
12:32:10,1.422,39.36
12:32:15,1.443,39.36
12:32:20,1.464,39.37
12:32:25,1.487,39.37
12:32:30,1.510,39.38
12:32:35,1.534,39.38
12:32:40,1.558,39.39
12:32:45,1.584,39.39
12:32:50,1.609,39.40
12:32:55,1.636,39.40
12:33:00,1.662,39.41
12:33:05,1.689,39.41
12:33:10,1.716,39.42
12:33:15,1.743,39.42
12:33:20,1.770,39.43
12:33:25,1.797,39.43
12:33:30,1.823,39.44
12:33:35,1.850,39.44
12:33:40,1.876,39.45
12:33:45,1.901,39.45
12:33:50,1.926,39.46
12:33:55,1.950,39.46
12:34:00,1.974,39.47
12:34:05,1.996,39.48
12:34:10,2.018,39.48
12:34:15,2.039,39.49
12:34:20,2.059,39.49
12:34:25,2.077,39.50
12:34:30,2.095,39.51
12:34:35,2.111,39.51
12:34:40,2.125,39.52
12:34:45,2.139,39.53
12:34:50,2.151,39.53
12:34:55,2.161,39.54
12:35:00,2.170,39.54
12:35:05,2.177,39.55
12:35:10,2.183,39.56
12:35:15,2.187,39.57
12:35:20,2.189,39.57
12:35:25,2.190,39.58
12:35:30,2.189,39.59
12:35:35,2.186,39.59
12:35:40,2.181,39.60
12:35:45,2.175,39.61
12:35:50,2.167,39.61
12:35:55,2.157,39.62
12:36:00,2.146,39.63
12:36:05,2.133,39.64
12:36:10,2.118,39.64
12:36:15,2.101,39.65
12:36:20,2.083,39.66
12:36:25,2.064,39.67
12:36:30,2.043,39.67
12:36:35,2.020,39.68
12:36:40,1.996,39.69
12:36:45,1.971,39.70
12:36:50,1.944,39.71
12:36:55,1.917,39.71
12:37:00,1.888,39.72
12:37:05,1.858,39.73
12:37:10,1.827,39.74
12:37:15,1.795,39.75
12:37:20,1.762,39.75
12:37:25,1.728,39.76
12:37:30,1.694,39.77
12:37:35,1.660,39.78
12:37:40,1.624,39.79
12:37:45,1.589,39.79
12:37:50,1.553,39.80
12:37:55,1.517,39.81
12:38:00,1.481,39.82
12:38:05,1.445,39.83
12:38:10,1.409,39.84
12:38:15,1.373,39.85
12:38:20,1.337,39.86
12:38:25,1.302,39.86
12:38:30,1.267,39.87
12:38:35,1.233,39.88
12:38:40,1.200,39.89
12:38:45,1.167,39.90
12:38:50,1.135,39.91
12:38:55,1.104,39.92
12:39:00,1.074,39.93
12:39:05,1.045,39.94
12:39:10,1.018,39.94
12:39:15,0.991,39.95
12:39:20,0.966,39.96
12:39:25,0.942,39.97
12:39:30,0.920,39.98
12:39:35,0.899,39.99
12:39:40,0.880,40.00
12:39:45,0.862,40.01
12:39:50,0.846,40.02
12:39:55,0.832,40.03
12:40:00,0.819,40.04
12:40:05,0.808,40.05
12:40:10,0.799,40.06
12:40:15,0.791,40.07
12:40:20,0.786,40.08
12:40:25,0.782,40.08
12:40:30,0.780,40.09
12:40:35,0.780,40.10
12:40:40,0.781,40.11
12:40:45,0.784,40.12
12:40:50,0.789,40.13
12:40:55,0.796,40.14
12:41:00,0.805,40.15
12:41:05,0.815,40.16
12:41:10,0.827,40.17
12:41:15,0.840,40.18
12:41:20,0.855,40.19
12:41:25,0.871,40.20
12:41:30,0.889,40.21
12:41:35,0.908,40.22
12:41:40,0.929,40.23
12:41:45,0.950,40.24
12:41:50,0.973,40.25
12:41:55,0.997,40.26
12:42:00,1.022,40.27
12:42:05,1.048,40.28
12:42:10,1.075,40.29
12:42:15,1.102,40.30
12:42:20,1.131,40.31
12:42:25,1.159,40.32
12:42:30,1.189,40.33
12:42:35,1.218,40.34
12:42:40,1.248,40.35
12:42:45,1.278,40.36
12:42:50,1.309,40.37
12:42:55,1.339,40.38
12:43:00,1.369,40.39
12:43:05,1.399,40.40
12:43:10,1.429,40.41
12:43:15,1.459,40.42
12:43:20,1.488,40.43
12:43:25,1.516,40.44
12:43:30,1.544,40.45
12:43:35,1.571,40.46
12:43:40,1.598,40.47
12:43:45,1.624,40.48
12:43:50,1.648,40.49
12:43:55,1.672,40.50
12:44:00,1.694,40.51
12:44:05,1.716,40.52
12:44:10,1.736,40.53
12:44:15,1.755,40.53
12:44:20,1.773,40.54
12:44:25,1.789,40.55
12:44:30,1.804,40.56
12:44:35,1.818,40.57
12:44:40,1.830,40.58
12:44:45,1.840,40.59
12:44:50,1.849,40.60
12:44:55,1.856,40.61
12:45:00,1.862,40.62
12:45:05,1.866,40.63
12:45:10,1.869,40.64
12:45:15,1.870,40.65
12:45:20,1.870,40.66
12:45:25,1.867,40.67
12:45:30,1.864,40.68
12:45:35,1.859,40.69
12:45:40,1.852,40.70
12:45:45,1.844,40.71
12:45:50,1.834,40.72
12:45:55,1.823,40.73
12:46:00,1.811,40.73
12:46:05,1.797,40.74
12:46:10,1.782,40.75
12:46:15,1.766,40.76
12:46:20,1.749,40.77
12:46:25,1.730,40.78
12:46:30,1.711,40.79
12:46:35,1.691,40.80
12:46:40,1.669,40.81
12:46:45,1.648,40.82
12:46:50,1.625,40.83
12:46:55,1.602,40.83
12:47:00,1.578,40.84
12:47:05,1.554,40.85
12:47:10,1.529,40.86
12:47:15,1.504,40.87
12:47:20,1.479,40.88
12:47:25,1.454,40.89
12:47:30,1.429,40.90
12:47:35,1.404,40.90
12:47:40,1.380,40.91
12:47:45,1.355,40.92
12:47:50,1.331,40.93
12:47:55,1.307,40.94
12:48:00,1.284,40.95
12:48:05,1.262,40.95
12:48:10,1.240,40.96
12:48:15,1.219,40.97
12:48:20,1.199,40.98
12:48:25,1.180,40.99
12:48:30,1.162,41.00
12:48:35,1.145,41.00
12:48:40,1.129,41.01
12:48:45,1.115,41.02
12:48:50,1.102,41.03
12:48:55,1.090,41.03
12:49:00,1.079,41.04
12:49:05,1.071,41.05
12:49:10,1.063,41.06
12:49:15,1.057,41.06
12:49:20,1.053,41.07
12:49:25,1.050,41.08
12:49:30,1.049,41.09
12:49:35,1.050,41.09
12:49:40,1.052,41.10
12:49:45,1.056,41.11
12:49:50,1.061,41.12
12:49:55,1.068,41.12
12:50:00,2.177,41.13
12:50:05,2.188,41.14
12:50:10,2.200,41.14
12:50:15,2.214,41.15
12:50:20,2.229,41.16
12:50:25,2.246,41.16
12:50:30,2.265,41.17
12:50:35,2.285,41.18
12:50:40,2.306,41.18
12:50:45,2.329,41.19
12:50:50,2.353,41.20
12:50:55,2.378,41.20
12:51:00,2.405,41.21
12:51:05,2.433,41.22
12:51:10,2.461,41.22
12:51:15,2.491,41.23
12:51:20,2.522,41.23
12:51:25,2.553,41.24
12:51:30,2.586,41.25
12:51:35,2.618,41.25
12:51:40,1.552,41.26
12:51:45,1.586,41.26
12:51:50,1.620,41.27
12:51:55,1.655,41.27
12:52:00,1.690,41.28
12:52:05,1.725,41.28
12:52:10,1.760,41.29
12:52:15,1.794,41.30
12:52:20,1.829,41.30
12:52:25,1.864,41.31
12:52:30,1.898,41.31
12:52:35,1.931,41.32
12:52:40,1.964,41.32
12:52:45,1.997,41.32
12:52:50,2.028,41.33
12:52:55,2.059,41.33
12:53:00,2.089,41.34
12:53:05,2.118,41.34
12:53:10,2.145,41.35
12:53:15,2.172,41.35
12:53:20,2.197,41.36
12:53:25,2.222,41.36
12:53:30,2.244,41.36
12:53:35,2.266,41.37
12:53:40,2.285,41.37
12:53:45,2.304,41.38
12:53:50,2.320,41.38
12:53:55,2.335,41.38
12:54:00,2.349,41.39
12:54:05,2.360,41.39
12:54:10,2.370,41.40
12:54:15,2.378,41.40
12:54:20,2.385,41.40
12:54:25,2.389,41.41
12:54:30,2.392,41.41
12:54:35,2.393,41.41
12:54:40,2.392,41.42
12:54:45,2.389,41.42
12:54:50,2.385,41.42
12:54:55,2.378,41.42
12:55:00,2.370,41.43
12:55:05,2.360,41.43
12:55:10,2.349,41.43
12:55:15,2.336,41.43
12:55:20,2.321,41.44
12:55:25,2.304,41.44
12:55:30,2.287,41.44
12:55:35,2.267,41.44
12:55:40,2.246,41.45
12:55:45,2.224,41.45
12:55:50,2.201,41.45
12:55:55,2.176,41.45
12:56:00,2.150,41.45
12:56:05,2.123,41.46
12:56:10,2.095,41.46
12:56:15,2.066,41.46
12:56:20,2.037,41.46
12:56:25,2.006,41.46
12:56:30,1.975,41.46
12:56:35,1.944,41.47
12:56:40,1.912,41.47
12:56:45,1.880,41.47
12:56:50,1.847,41.47
12:56:55,1.814,41.47
12:57:00,1.781,41.47
12:57:05,1.748,41.47
12:57:10,1.716,41.47
12:57:15,1.683,41.48
12:57:20,1.651,41.48
12:57:25,1.619,41.48
12:57:30,1.588,41.48
12:57:35,1.557,41.48
12:57:40,1.527,41.48
12:57:45,1.498,41.48
12:57:50,1.469,41.48
12:57:55,1.442,41.48
12:58:00,1.415,41.48
12:58:05,1.389,41.48
12:58:10,1.365,41.48
12:58:15,1.342,41.48
12:58:20,1.320,41.48
12:58:25,1.299,41.48
12:58:30,1.280,41.48
12:58:35,1.262,41.48
12:58:40,1.245,41.48
12:58:45,1.230,41.48
12:58:50,1.217,41.48
12:58:55,1.205,41.48
12:59:00,1.194,41.48
12:59:05,1.186,41.48
12:59:10,1.179,41.48
12:59:15,1.173,41.48
12:59:20,1.169,41.48
12:59:25,1.167,41.47
12:59:30,1.166,41.47
12:59:35,1.167,41.47
12:59:40,1.170,41.47
12:59:45,1.174,41.47
12:59:50,1.180,41.47
12:59:55,1.187,41.47
13:00:00,1.196,41.47
13:00:05,1.206,41.47
13:00:10,1.217,41.46
13:00:15,1.230,41.46
13:00:20,1.244,41.46
13:00:25,1.260,41.46
13:00:30,1.276,41.46
13:00:35,1.294,41.46
13:00:40,1.313,41.46
13:00:45,1.332,41.45
13:00:50,1.353,41.45
13:00:55,1.374,41.45
13:01:00,1.396,41.45
13:01:05,1.419,41.45
13:01:10,1.442,41.44
13:01:15,1.466,41.44
13:01:20,1.490,41.44
13:01:25,1.514,41.44
13:01:30,1.539,41.44
13:01:35,1.564,41.43
13:01:40,1.588,41.43
13:01:45,1.613,41.43
13:01:50,1.637,41.43
13:01:55,1.661,41.42
13:02:00,1.685,41.42
13:02:05,1.709,41.42
13:02:10,1.732,41.42
13:02:15,1.754,41.42
13:02:20,1.775,41.41
13:02:25,1.796,41.41
13:02:30,1.816,41.41
13:02:35,1.835,41.40
13:02:40,1.853,41.40
13:02:45,1.870,41.40
13:02:50,1.886,41.40
13:02:55,1.900,41.39
13:03:00,1.914,41.39
13:03:05,1.926,41.39
13:03:10,1.936,41.39
13:03:15,1.945,41.38
13:03:20,1.953,41.38
13:03:25,1.959,41.38
13:03:30,1.964,41.37
13:03:35,1.967,41.37
13:03:40,1.969,41.37
13:03:45,1.969,41.36
13:03:50,1.967,41.36
13:03:55,1.964,41.36
13:04:00,1.959,41.36
13:04:05,1.952,41.35
13:04:10,1.944,41.35
13:04:15,1.935,41.35
13:04:20,1.923,41.34
13:04:25,1.911,41.34
13:04:30,1.896,41.34
13:04:35,1.880,41.33
13:04:40,1.863,41.33
13:04:45,1.844,41.33
13:04:50,1.824,41.32
13:04:55,1.803,41.32
13:05:00,1.780,41.32
13:05:05,1.756,41.31
13:05:10,1.731,41.31
13:05:15,1.705,41.31
13:05:20,1.678,41.30
13:05:25,1.650,41.30
13:05:30,1.621,41.30
13:05:35,1.591,41.29
13:05:40,1.561,41.29
13:05:45,1.530,41.29
13:05:50,1.499,41.28
13:05:55,1.467,41.28
13:06:00,1.435,41.27
13:06:05,1.403,41.27
13:06:10,1.370,41.27
13:06:15,1.338,41.26
13:06:20,1.305,41.26
13:06:25,1.273,41.26
13:06:30,1.241,41.25
13:06:35,1.209,41.25
13:06:40,1.178,41.25
13:06:45,1.147,41.24
13:06:50,1.117,41.24
13:06:55,1.088,41.24
13:07:00,1.059,41.23
13:07:05,1.032,41.23
13:07:10,1.005,41.23
13:07:15,0.979,41.22
13:07:20,0.955,41.22
13:07:25,0.931,41.22
13:07:30,0.909,41.21
13:07:35,0.888,41.21
13:07:40,0.869,41.21
13:07:45,0.851,41.20
13:07:50,0.835,41.20
13:07:55,0.820,41.20
13:08:00,0.807,41.19
13:08:05,0.795,41.19
13:08:10,0.785,41.19
13:08:15,0.777,41.18
13:08:20,0.771,41.18
13:08:25,0.766,41.18
13:08:30,0.763,41.17
13:08:35,0.763,41.17
13:08:40,0.763,41.17
13:08:45,0.766,41.16
13:08:50,0.771,41.16
13:08:55,0.777,41.16
13:09:00,0.785,41.15
13:09:05,0.795,41.15
13:09:10,0.807,41.15
13:09:15,0.820,41.15
13:09:20,0.835,41.14
13:09:25,0.852,41.14
13:09:30,0.870,41.14
13:09:35,0.890,41.13
13:09:40,0.911,41.13
13:09:45,0.934,41.13
13:09:50,0.958,41.13
13:09:55,0.983,41.12
13:10:00,1.010,41.12
13:10:05,1.038,41.12
13:10:10,1.067,41.11
13:10:15,1.097,41.11
13:10:20,1.128,41.11
13:10:25,1.159,41.11
13:10:30,1.192,41.10
13:10:35,1.225,41.10
13:10:40,1.259,41.10
13:10:45,1.293,41.10
13:10:50,1.328,41.10
13:10:55,1.363,41.09
13:11:00,1.398,41.09
13:11:05,1.433,41.09
13:11:10,1.468,41.09
13:11:15,1.503,41.08
13:11:20,1.538,41.08
13:11:25,1.573,41.08
13:11:30,1.607,41.08
13:11:35,1.641,41.08
13:11:40,1.674,41.07
13:11:45,1.707,41.07
13:11:50,1.739,41.07
13:11:55,1.770,41.07
13:12:00,1.800,41.07
13:12:05,1.829,41.07
13:12:10,1.857,41.06
13:12:15,1.884,41.06
13:12:20,1.910,41.06
13:12:25,1.935,41.06
13:12:30,1.958,41.06
13:12:35,1.980,41.06
13:12:40,2.000,41.06
13:12:45,2.019,41.06
13:12:50,2.036,41.05
13:12:55,2.052,41.05
13:13:00,2.067,41.05
13:13:05,2.079,41.05
13:13:10,2.090,41.05
13:13:15,2.100,41.05
13:13:20,2.107,41.05
13:13:25,2.113,41.05
13:13:30,2.118,41.05
13:13:35,2.120,41.05
13:13:40,2.121,41.05
13:13:45,2.120,41.05
13:13:50,2.118,41.05
13:13:55,2.114,41.04
13:14:00,2.109,41.04
13:14:05,2.101,41.04
13:14:10,2.093,41.04
13:14:15,2.083,41.04
13:14:20,2.071,41.04
13:14:25,2.058,41.04
13:14:30,2.044,41.04
13:14:35,2.028,41.04
13:14:40,2.012,41.04
13:14:45,1.994,41.04
13:14:50,1.975,41.05
13:14:55,1.955,41.05
13:15:00,1.934,41.05
13:15:05,1.913,41.05
13:15:10,1.890,41.05
13:15:15,1.867,41.05
13:15:20,1.843,41.05
13:15:25,1.819,41.05
13:15:30,1.795,41.05
13:15:35,1.770,41.05
13:15:40,1.745,41.05
13:15:45,1.720,41.05
13:15:50,1.694,41.05
13:15:55,1.669,41.06
13:16:00,1.644,41.06
13:16:05,1.619,41.06
13:16:10,1.595,41.06
13:16:15,1.571,41.06
13:16:20,1.547,41.06
13:16:25,1.524,41.07
13:16:30,1.502,41.07
13:16:35,1.480,41.07
13:16:40,1.459,41.07
13:16:45,1.440,41.07
13:16:50,1.421,41.07
13:16:55,1.403,41.08
13:17:00,1.386,41.08
13:17:05,1.371,41.08
13:17:10,1.356,41.08
13:17:15,1.343,41.09
13:17:20,1.332,41.09
13:17:25,1.321,41.09
13:17:30,1.313,41.09
13:17:35,1.305,41.10
13:17:40,1.299,41.10
13:17:45,1.295,41.10
13:17:50,1.292,41.11
13:17:55,1.291,41.11
13:18:00,1.291,41.11
13:18:05,1.293,41.11
13:18:10,1.297,41.12
13:18:15,1.302,41.12
13:18:20,1.309,41.12
13:18:25,1.317,41.13
13:18:30,1.327,41.13
13:18:35,1.338,41.13
13:18:40,1.351,41.14
13:18:45,1.365,41.14
13:18:50,1.380,41.15
13:18:55,1.397,41.15
13:19:00,1.416,41.15
13:19:05,1.435,41.16
13:19:10,1.456,41.16
13:19:15,1.478,41.17
13:19:20,1.501,41.17
13:19:25,1.525,41.18
13:19:30,1.550,41.18
13:19:35,1.576,41.18
13:19:40,1.603,41.19
13:19:45,1.630,41.19
13:19:50,1.658,41.20
13:19:55,1.687,41.20
13:20:00,1.716,41.21
13:20:05,1.745,41.21
13:20:10,1.775,41.22
13:20:15,1.804,41.22
13:20:20,1.834,41.23
13:20:25,1.864,41.23
13:20:30,1.894,41.24
13:20:35,1.924,41.24
13:20:40,1.953,41.25
13:20:45,1.982,41.25
13:20:50,2.011,41.26
13:20:55,2.039,41.27
13:21:00,2.066,41.27
13:21:05,2.092,41.28
13:21:10,2.118,41.28
13:21:15,2.143,41.29
13:21:20,2.167,41.29
13:21:25,2.190,41.30
13:21:30,2.211,41.31
13:21:35,2.232,41.31
13:21:40,2.251,41.32
13:21:45,2.268,41.33
13:21:50,2.285,41.33
13:21:55,2.300,41.34
13:22:00,2.313,41.34
13:22:05,2.325,41.35
13:22:10,2.335,41.36
13:22:15,2.344,41.36
13:22:20,2.350,41.37
13:22:25,2.355,41.38
13:22:30,2.359,41.38
13:22:35,2.360,41.39
13:22:40,2.360,41.40
13:22:45,2.358,41.41
13:22:50,2.355,41.41
13:22:55,2.349,41.42
13:23:00,2.342,41.43
13:23:05,2.333,41.43
13:23:10,2.322,41.44
13:23:15,2.309,41.45
13:23:20,2.295,41.46
13:23:25,2.279,41.46
13:23:30,2.261,41.47
13:23:35,2.242,41.48
13:23:40,2.221,41.49
13:23:45,2.199,41.50
13:23:50,2.175,41.50
13:23:55,2.150,41.51
13:24:00,2.124,41.52
13:24:05,2.096,41.53
13:24:10,2.068,41.53
13:24:15,2.038,41.54
13:24:20,2.007,41.55
13:24:25,1.975,41.56
13:24:30,1.942,41.57
13:24:35,1.909,41.58
13:24:40,1.875,41.58
13:24:45,1.840,41.59
13:24:50,1.805,41.60
13:24:55,1.769,41.61
13:25:00,2.483,41.62
13:25:05,2.447,41.63
13:25:10,2.411,41.63
13:25:15,2.375,41.64
13:25:20,2.339,41.65
13:25:25,2.303,41.66
13:25:30,2.267,41.67
13:25:35,2.231,41.68
13:25:40,2.197,41.69
13:25:45,2.162,41.70
13:25:50,2.129,41.70
13:25:55,2.096,41.71
13:26:00,2.063,41.72
13:26:05,2.032,41.73
13:26:10,2.002,41.74
13:26:15,1.973,41.75
13:26:20,1.945,41.76
13:26:25,1.918,41.77
13:26:30,1.892,41.78
13:26:35,1.868,41.79
13:26:40,1.845,41.80
13:26:45,1.074,41.80
13:26:50,1.054,41.81
13:26:55,1.036,41.82
13:27:00,1.019,41.83
13:27:05,1.004,41.84
13:27:10,0.990,41.85
13:27:15,0.979,41.86
13:27:20,0.969,41.87
13:27:25,0.960,41.88
13:27:30,0.954,41.89
13:27:35,0.949,41.90
13:27:40,0.946,41.91
13:27:45,0.945,41.92
13:27:50,0.945,41.93
13:27:55,0.947,41.94
13:28:00,0.951,41.95
13:28:05,0.956,41.96
13:28:10,0.963,41.97
13:28:15,0.972,41.98
13:28:20,0.982,41.99
13:28:25,0.994,42.00
13:28:30,1.007,42.01
13:28:35,1.022,42.02
13:28:40,1.038,42.03
13:28:45,1.055,42.03
13:28:50,1.074,42.04
13:28:55,1.094,42.05
13:29:00,1.114,42.06
13:29:05,1.136,42.07
13:29:10,1.159,42.08
13:29:15,1.182,42.09
13:29:20,1.207,42.10
13:29:25,1.232,42.11
13:29:30,1.258,42.12
13:29:35,1.284,42.13
13:29:40,1.310,42.14
13:29:45,1.337,42.15
13:29:50,1.364,42.16
13:29:55,1.392,42.17
13:30:00,1.419,42.18
13:30:05,1.446,42.19
13:30:10,1.473,42.20
13:30:15,1.500,42.21
13:30:20,1.527,42.22
13:30:25,1.553,42.23
13:30:30,1.579,42.24
13:30:35,1.604,42.25
13:30:40,1.628,42.26
13:30:45,1.652,42.27
13:30:50,1.675,42.28
13:30:55,1.697,42.29
13:31:00,1.718,42.30
13:31:05,1.738,42.31
13:31:10,1.757,42.32
13:31:15,1.775,42.33
13:31:20,1.791,42.34
13:31:25,1.806,42.35
13:31:30,1.820,42.36
13:31:35,1.833,42.37
13:31:40,1.844,42.38
13:31:45,1.853,42.39
13:31:50,1.861,42.40
13:31:55,1.868,42.41
13:32:00,1.873,42.42
13:32:05,1.876,42.43
13:32:10,1.878,42.44
13:32:15,1.879,42.45
13:32:20,1.878,42.46
13:32:25,1.875,42.46
13:32:30,1.870,42.47
13:32:35,1.865,42.48
13:32:40,1.857,42.49
13:32:45,1.848,42.50
13:32:50,1.838,42.51
13:32:55,1.826,42.52
13:33:00,1.813,42.53
13:33:05,1.799,42.54
13:33:10,1.783,42.55
13:33:15,1.766,42.56
13:33:20,1.747,42.57
13:33:25,1.728,42.58
13:33:30,1.707,42.59
13:33:35,1.686,42.59
13:33:40,1.664,42.60
13:33:45,1.640,42.61
13:33:50,1.616,42.62
13:33:55,1.592,42.63
13:34:00,1.566,42.64
13:34:05,1.540,42.65
13:34:10,1.514,42.66
13:34:15,1.488,42.67
13:34:20,1.461,42.67
13:34:25,1.434,42.68
13:34:30,1.406,42.69
13:34:35,1.379,42.70
13:34:40,1.352,42.71
13:34:45,1.325,42.72
13:34:50,1.299,42.73
13:34:55,1.273,42.73
13:35:00,1.247,42.74
13:35:05,1.222,42.75
13:35:10,1.198,42.76
13:35:15,1.174,42.77
13:35:20,1.151,42.78
13:35:25,1.129,42.78
13:35:30,1.108,42.79
13:35:35,1.088,42.80
13:35:40,1.069,42.81
13:35:45,1.052,42.82
13:35:50,1.035,42.82
13:35:55,1.020,42.83
13:36:00,1.007,42.84
13:36:05,0.995,42.85
13:36:10,0.984,42.86
13:36:15,0.975,42.86
13:36:20,0.968,42.87
13:36:25,0.962,42.88
13:36:30,0.957,42.89
13:36:35,0.955,42.89
13:36:40,0.954,42.90
13:36:45,0.955,42.91
13:36:50,0.958,42.91
13:36:55,0.962,42.92
13:37:00,0.968,42.93
13:37:05,0.976,42.94
13:37:10,0.986,42.94
13:37:15,0.997,42.95
13:37:20,1.010,42.96
13:37:25,1.025,42.96
13:37:30,1.041,42.97
13:37:35,1.059,42.98
13:37:40,1.078,42.98
13:37:45,1.099,42.99
13:37:50,1.122,43.00
13:37:55,1.146,43.00
13:38:00,1.171,43.01
13:38:05,1.197,43.02
13:38:10,1.225,43.02
13:38:15,1.254,43.03
13:38:20,1.284,43.03
13:38:25,1.315,43.04
13:38:30,1.347,43.05
13:38:35,1.380,43.05
13:38:40,1.414,43.06
13:38:45,1.448,43.06
13:38:50,1.483,43.07
13:38:55,1.518,43.08
13:39:00,1.554,43.08
13:39:05,1.590,43.09
13:39:10,1.627,43.09
13:39:15,1.663,43.10
13:39:20,1.699,43.10
13:39:25,1.736,43.11
13:39:30,1.772,43.11
13:39:35,1.808,43.12
13:39:40,1.843,43.12
13:39:45,1.879,43.13
13:39:50,1.913,43.13
13:39:55,1.947,43.14
13:40:00,1.980,43.14
13:40:05,2.012,43.15
13:40:10,2.044,43.15
13:40:15,2.074,43.16
13:40:20,2.104,43.16
13:40:25,2.132,43.16
13:40:30,2.159,43.17
13:40:35,2.185,43.17
13:40:40,2.209,43.18
13:40:45,2.232,43.18
13:40:50,2.253,43.18
13:40:55,2.273,43.19
13:41:00,2.292,43.19
13:41:05,2.308,43.20
13:41:10,2.323,43.20
13:41:15,2.337,43.20
13:41:20,2.348,43.21
13:41:25,2.358,43.21
13:41:30,2.367,43.21
13:41:35,2.373,43.22
13:41:40,2.378,46.02
13:41:45,2.380,46.02
13:41:50,2.381,46.03
13:41:55,2.381,46.03
13:42:00,2.378,46.03
13:42:05,2.374,46.03
13:42:10,2.368,46.04
13:42:15,2.360,46.04
13:42:20,2.351,46.04
13:42:25,2.339,46.05
13:42:30,2.327,46.05
13:42:35,2.313,46.05
13:42:40,2.297,46.05
13:42:45,2.280,46.06
13:42:50,2.262,46.06
13:42:55,2.242,46.06
13:43:00,2.221,46.06
13:43:05,2.199,46.06
13:43:10,2.175,46.07
13:43:15,2.151,46.07
13:43:20,2.126,46.07
13:43:25,2.100,46.07
13:43:30,2.073,46.07
13:43:35,2.045,46.07
13:43:40,2.017,46.08
13:43:45,1.989,46.08
13:43:50,1.960,46.08
13:43:55,1.930,46.08
13:44:00,1.901,46.08
13:44:05,1.871,46.08
13:44:10,1.841,46.08
13:44:15,1.811,46.08
13:44:20,1.782,46.08
13:44:25,1.753,46.09
13:44:30,1.724,46.09
13:44:35,1.695,46.09
13:44:40,1.667,46.09
13:44:45,1.640,46.09
13:44:50,1.613,46.09
13:44:55,1.587,46.09
13:45:00,1.562,46.09
13:45:05,1.538,43.29
13:45:10,1.514,43.29
13:45:15,1.492,43.29
13:45:20,1.471,43.29
13:45:25,1.451,43.29
13:45:30,1.433,43.29
13:45:35,1.415,43.29
13:45:40,1.399,43.29
13:45:45,1.385,43.29
13:45:50,1.372,43.29
13:45:55,1.360,43.29
13:46:00,1.350,43.29
13:46:05,1.341,43.29
13:46:10,1.334,43.29
13:46:15,1.329,43.29
13:46:20,1.325,43.29
13:46:25,1.323,43.29
13:46:30,1.322,43.28
13:46:35,1.323,43.28
13:46:40,1.325,43.28
13:46:45,1.329,43.28
13:46:50,1.335,43.28
13:46:55,1.342,43.28
13:47:00,1.350,43.28
13:47:05,1.360,43.28
13:47:10,1.371,43.28
13:47:15,1.384,43.27
13:47:20,1.398,43.27
13:47:25,1.413,43.27
13:47:30,1.430,43.27
13:47:35,1.447,43.27
13:47:40,1.466,43.27
13:47:45,1.486,43.27
13:47:50,1.506,43.26
13:47:55,1.528,43.26
13:48:00,1.550,43.26
13:48:05,1.573,43.26
13:48:10,1.596,43.26
13:48:15,1.621,43.25
13:48:20,2.745,43.25
13:48:25,2.770,43.25
13:48:30,2.795,43.25
13:48:35,2.820,43.25
13:48:40,2.846,43.24
13:48:45,2.871,43.24
13:48:50,2.897,43.24
13:48:55,2.922,43.24
13:49:00,2.947,43.24
13:49:05,2.971,43.23
13:49:10,2.995,43.23
13:49:15,3.019,43.23
13:49:20,3.041,43.23
13:49:25,3.064,43.22
13:49:30,3.085,43.22
13:49:35,3.105,43.22
13:49:40,3.125,43.22
13:49:45,3.143,43.21
13:49:50,3.161,43.21
13:49:55,3.177,43.21
13:50:00,2.092,43.20
13:50:05,2.105,43.20
13:50:10,2.117,43.20
13:50:15,2.128,43.20
13:50:20,2.138,43.19
13:50:25,2.145,43.19
13:50:30,2.152,43.19
13:50:35,2.157,43.18
13:50:40,2.160,43.18
13:50:45,2.161,43.18
13:50:50,2.161,43.18
13:50:55,2.159,43.17
13:51:00,2.156,43.17
13:51:05,2.150,43.17
13:51:10,2.144,43.16
13:51:15,2.135,43.16
13:51:20,2.125,43.16
13:51:25,2.113,43.15
13:51:30,2.099,43.15
13:51:35,2.084,43.15
13:51:40,2.068,43.14
13:51:45,2.049,43.14
13:51:50,2.030,43.14
13:51:55,2.008,43.13
13:52:00,1.986,43.13
13:52:05,1.962,43.13
13:52:10,1.937,43.12
13:52:15,1.910,43.12
13:52:20,1.883,43.12
13:52:25,1.854,43.11
13:52:30,1.825,43.11
13:52:35,1.794,43.11
13:52:40,1.763,43.10
13:52:45,1.730,43.10
13:52:50,1.698,43.10
13:52:55,1.664,43.09
13:53:00,1.630,43.09
13:53:05,1.596,43.09
13:53:10,1.561,43.08
13:53:15,1.526,43.08
13:53:20,1.491,43.08
13:53:25,1.456,43.07
13:53:30,1.421,43.07
13:53:35,1.386,43.07
13:53:40,1.352,43.06
13:53:45,1.318,43.06
13:53:50,1.284,43.05
13:53:55,1.251,43.05
13:54:00,1.218,43.05
13:54:05,1.186,43.04
13:54:10,1.155,43.04
13:54:15,1.125,43.04
13:54:20,1.096,43.03
13:54:25,1.068,43.03
13:54:30,1.041,43.03
13:54:35,1.015,43.02
13:54:40,0.991,43.02
13:54:45,0.968,43.02
13:54:50,0.946,43.01
13:54:55,0.926,43.01
13:55:00,0.907,43.01
13:55:05,0.890,43.00
13:55:10,0.875,43.00
13:55:15,0.861,43.00
13:55:20,0.849,42.99
13:55:25,0.838,42.99
13:55:30,0.830,42.99
13:55:35,0.823,42.98
13:55:40,0.818,42.98
13:55:45,0.815,42.98
13:55:50,0.814,42.97
13:55:55,0.814,42.97
13:56:00,0.816,42.97
13:56:05,0.820,42.97
13:56:10,0.826,42.96
13:56:15,0.834,42.96
13:56:20,0.843,42.96
13:56:25,0.855,42.95
13:56:30,0.867,42.95
13:56:35,0.882,42.95
13:56:40,0.898,42.94
13:56:45,0.915,42.94
13:56:50,0.934,42.94
13:56:55,0.955,42.94
13:57:00,0.976,42.93
13:57:05,1.000,42.93
13:57:10,1.024,42.93
13:57:15,1.049,42.93
13:57:20,1.076,42.92
13:57:25,1.104,42.92
13:57:30,1.132,42.92
13:57:35,1.161,42.92
13:57:40,1.191,42.91
13:57:45,1.222,42.91
13:57:50,1.253,42.91
13:57:55,1.285,42.91
13:58:00,1.317,42.90
13:58:05,1.350,42.90
13:58:10,1.382,42.90
13:58:15,1.415,42.90
13:58:20,1.447,42.90
13:58:25,1.480,42.89
13:58:30,1.512,42.89
13:58:35,1.544,42.89
13:58:40,1.576,42.89
13:58:45,1.607,42.89
13:58:50,1.638,42.88
13:58:55,1.668,42.88
13:59:00,1.697,42.88
13:59:05,1.726,42.88
13:59:10,1.753,42.88
13:59:15,1.780,42.87
13:59:20,1.806,42.87
13:59:25,1.830,42.87
13:59:30,1.853,42.87
13:59:35,1.876,42.87
13:59:40,1.896,42.87
13:59:45,1.916,42.87
13:59:50,1.934,42.87
13:59:55,1.950,42.86
14:00:00,1.965,42.86
14:00:05,1.979,42.86
14:00:10,1.991,42.86
14:00:15,2.002,42.86
14:00:20,2.010,42.86
14:00:25,2.018,42.86
14:00:30,2.023,42.86
14:00:35,2.027,42.86
14:00:40,2.030,42.86
14:00:45,2.031,42.86
14:00:50,2.030,42.86
14:00:55,2.027,42.85
14:01:00,2.023,42.85
14:01:05,2.018,42.85
14:01:10,2.011,42.85
14:01:15,2.002,42.85
14:01:20,1.992,42.85
14:01:25,1.981,42.85
14:01:30,1.969,42.85
14:01:35,1.955,42.85
14:01:40,1.939,42.85
14:01:45,1.923,42.85
14:01:50,1.906,42.85
14:01:55,1.887,42.85
14:02:00,1.868,42.85
14:02:05,1.847,42.86
14:02:10,1.826,42.86
14:02:15,1.805,42.86
14:02:20,1.782,42.86
14:02:25,1.759,42.86
14:02:30,1.736,42.86
14:02:35,1.712,42.86
14:02:40,1.687,42.86
14:02:45,1.663,42.86
14:02:50,1.639,42.86
14:02:55,1.614,42.86
14:03:00,1.590,42.87
14:03:05,1.565,42.87
14:03:10,1.541,42.87
14:03:15,1.518,42.87
14:03:20,1.494,42.87
14:03:25,1.472,42.87
14:03:30,1.450,42.87
14:03:35,1.428,42.88
14:03:40,1.408,42.88
14:03:45,1.388,42.88
14:03:50,1.369,42.88
14:03:55,1.351,42.88
14:04:00,1.334,42.89
14:04:05,1.319,42.89
14:04:10,1.304,42.89
14:04:15,1.291,42.89
14:04:20,1.279,42.89
14:04:25,1.269,42.90
14:04:30,1.260,42.90
14:04:35,1.252,42.90
14:04:40,1.246,42.90
14:04:45,1.242,42.91
14:04:50,1.239,42.91
14:04:55,1.237,42.91
14:05:00,1.237,42.92
14:05:05,1.239,42.92
14:05:10,1.243,42.92
14:05:15,1.248,42.93
14:05:20,1.254,42.93
14:05:25,1.263,42.93
14:05:30,1.273,42.94
14:05:35,1.284,42.94
14:05:40,1.297,42.94
14:05:45,1.312,42.95
14:05:50,1.328,42.95
14:05:55,1.346,42.95
14:06:00,1.365,42.96
14:06:05,1.385,42.96
14:06:10,1.407,42.97
14:06:15,1.430,42.97
14:06:20,1.454,42.97
14:06:25,1.479,42.98
14:06:30,1.506,42.98
14:06:35,1.533,42.99
14:06:40,1.562,42.99
14:06:45,1.591,43.00
14:06:50,1.621,43.00
14:06:55,1.652,43.01
14:07:00,1.683,43.01
14:07:05,1.715,43.01
14:07:10,1.747,43.02
14:07:15,1.780,43.02
14:07:20,1.812,43.03
14:07:25,1.845,43.03
14:07:30,1.878,43.04
14:07:35,1.911,43.04
14:07:40,1.944,43.05
14:07:45,1.977,43.06
14:07:50,2.009,43.06
14:07:55,2.041,43.07
14:08:00,2.073,43.07
14:08:05,2.103,43.08
14:08:10,2.133,43.08
14:08:15,2.163,43.09
14:08:20,2.191,43.10
14:08:25,2.219,43.10
14:08:30,2.245,43.11
14:08:35,2.270,43.11
14:08:40,2.294,43.12
14:08:45,2.317,43.13
14:08:50,2.339,43.13
14:08:55,2.359,43.14
14:09:00,2.378,43.14
14:09:05,2.395,43.15
14:09:10,2.410,43.16
14:09:15,2.424,43.16
14:09:20,2.437,43.17
14:09:25,2.447,43.18
14:09:30,2.456,43.18
14:09:35,2.463,43.19
14:09:40,2.469,43.20
14:09:45,2.472,43.21
14:09:50,2.474,43.21
14:09:55,2.474,43.22
14:10:00,2.472,43.23
14:10:05,2.468,43.23
14:10:10,2.463,43.24
14:10:15,2.456,43.25
14:10:20,2.447,43.26
14:10:25,2.436,43.26
14:10:30,2.423,43.27
14:10:35,2.409,43.28
14:10:40,2.393,43.29
14:10:45,2.375,43.29
14:10:50,2.356,43.30
14:10:55,2.336,43.31
14:11:00,2.314,43.32
14:11:05,2.290,43.32
14:11:10,2.266,43.33
14:11:15,2.240,43.34
14:11:20,2.212,43.35
14:11:25,2.184,43.36
14:11:30,2.155,43.36
14:11:35,2.124,43.37
14:11:40,2.093,43.38
14:11:45,2.061,43.39
14:11:50,2.029,43.40
14:11:55,1.996,43.41
14:12:00,1.962,43.41
14:12:05,1.928,43.42
14:12:10,1.893,43.43
14:12:15,1.859,43.44
14:12:20,1.824,43.45
14:12:25,1.789,43.46
14:12:30,1.754,43.47
14:12:35,1.720,43.47
14:12:40,1.686,43.48
14:12:45,1.652,43.49
14:12:50,1.618,43.50
14:12:55,1.585,43.51
14:13:00,1.553,43.52
14:13:05,1.521,43.53
14:13:10,1.491,43.54
14:13:15,1.461,43.55
14:13:20,1.432,43.55
14:13:25,1.404,43.56
14:13:30,1.377,43.57
14:13:35,1.351,43.58
14:13:40,1.327,43.59
14:13:45,1.304,43.60
14:13:50,1.282,43.61
14:13:55,1.262,43.62
14:14:00,1.243,43.63
14:14:05,1.226,43.64
14:14:10,1.210,43.65
14:14:15,1.196,43.66
14:14:20,1.183,43.67
14:14:25,1.172,43.68
14:14:30,1.163,43.69
14:14:35,1.155,43.69
14:14:40,1.149,43.70
14:14:45,1.145,43.71
14:14:50,1.142,43.72
14:14:55,1.141,43.73
14:15:00,1.142,43.74
14:15:05,1.144,43.75
14:15:10,1.148,43.76
14:15:15,1.154,43.77
14:15:20,1.161,43.78
14:15:25,1.169,43.79
14:15:30,1.179,43.80
14:15:35,1.191,43.81
14:15:40,1.204,43.82
14:15:45,1.218,43.83
14:15:50,1.234,43.84
14:15:55,1.250,43.85
14:16:00,1.268,43.86
14:16:05,1.287,43.87
14:16:10,1.307,43.88
14:16:15,1.328,43.89
14:16:20,1.349,43.90
14:16:25,1.372,43.91
14:16:30,1.395,43.92
14:16:35,1.418,43.93
14:16:40,1.442,43.94
14:16:45,1.467,43.95
14:16:50,1.492,43.96
14:16:55,1.517,43.97
14:17:00,1.542,43.98
14:17:05,1.567,43.99
14:17:10,1.592,44.00
14:17:15,1.618,44.01
14:17:20,1.642,44.02
14:17:25,1.667,44.03
14:17:30,1.691,44.04
14:17:35,1.715,44.05
14:17:40,1.738,44.06
14:17:45,1.760,44.07
14:17:50,1.782,44.08
14:17:55,1.802,44.09
14:18:00,1.822,44.10
14:18:05,1.841,44.11
14:18:10,1.859,44.12
14:18:15,1.876,44.13
14:18:20,1.891,44.13
14:18:25,1.906,44.14
14:18:30,1.919,44.15
14:18:35,1.930,44.16
14:18:40,1.941,44.17
14:18:45,1.950,44.18
14:18:50,1.957,44.19
14:18:55,1.963,44.20
14:19:00,1.967,44.21
14:19:05,1.970,44.22
14:19:10,1.971,44.23
14:19:15,1.971,44.24
14:19:20,1.969,44.25
14:19:25,1.966,44.26
14:19:30,1.961,44.27
14:19:35,1.954,44.28
14:19:40,1.946,44.29
14:19:45,1.936,44.30
14:19:50,1.925,44.31
14:19:55,1.912,44.32
14:20:00,1.898,44.33
14:20:05,1.882,44.34
14:20:10,1.865,44.34
14:20:15,1.847,44.35
14:20:20,1.827,44.36
14:20:25,1.806,44.37
14:20:30,1.784,44.38
14:20:35,1.761,44.39
14:20:40,1.737,44.40
14:20:45,1.712,44.41
14:20:50,1.686,44.42
14:20:55,1.659,44.43
14:21:00,1.632,44.44
14:21:05,1.604,44.44
14:21:10,1.575,44.45
14:21:15,1.546,44.46
14:21:20,1.516,44.47
14:21:25,1.486,44.48
14:21:30,1.456,44.49
14:21:35,1.426,44.50
14:21:40,1.396,44.51
14:21:45,1.366,44.51
14:21:50,1.336,44.52
14:21:55,1.307,44.53
14:22:00,1.277,44.54
14:22:05,1.249,44.55
14:22:10,1.220,44.56
14:22:15,1.193,44.57
14:22:20,1.166,44.57
14:22:25,1.140,44.58
14:22:30,1.115,44.59
14:22:35,1.091,44.60
14:22:40,1.067,44.61
14:22:45,1.046,44.61
14:22:50,1.025,44.62
14:22:55,1.005,44.63
14:23:00,0.987,44.64
14:23:05,0.970,44.65
14:23:10,0.955,44.65
14:23:15,0.941,44.66
14:23:20,0.929,44.67
14:23:25,0.919,44.68
14:23:30,0.910,44.68
14:23:35,0.903,44.69
14:23:40,0.897,44.70
14:23:45,0.893,44.71
14:23:50,0.891,44.71
14:23:55,0.891,44.72
14:24:00,0.893,44.73
14:24:05,0.896,44.74
14:24:10,0.901,44.74
14:24:15,0.908,44.75
14:24:20,0.917,44.76
14:24:25,0.928,44.76
14:24:30,0.940,44.77
14:24:35,0.954,44.78
14:24:40,0.970,44.78
14:24:45,0.987,44.79
14:24:50,1.006,44.80
14:24:55,1.026,44.80
14:25:00,1.048,44.81
14:25:05,1.072,44.82
14:25:10,1.096,44.82
14:25:15,1.123,44.83
14:25:20,1.150,44.83
14:25:25,1.179,44.84
14:25:30,1.208,44.85
14:25:35,1.239,44.85
14:25:40,1.271,44.86
14:25:45,1.303,44.86
14:25:50,1.337,44.87
14:25:55,1.371,44.88
14:26:00,1.405,44.88
14:26:05,1.441,44.89
14:26:10,1.476,44.89
14:26:15,1.512,44.90
14:26:20,1.548,44.90
14:26:25,1.585,44.91
14:26:30,1.621,44.91
14:26:35,1.657,44.92
14:26:40,1.693,44.92
14:26:45,1.729,44.93
14:26:50,1.765,44.93
14:26:55,1.800,44.94
14:27:00,1.834,44.94
14:27:05,1.868,44.95
14:27:10,1.902,44.95
14:27:15,1.934,44.96
14:27:20,1.966,44.96
14:27:25,1.996,44.97
14:27:30,2.026,44.97
14:27:35,2.054,44.98
14:27:40,2.081,44.98
14:27:45,2.107,44.98
14:27:50,2.132,44.99
14:27:55,2.155,44.99
14:28:00,2.177,45.00
14:28:05,2.197,45.00
14:28:10,2.216,45.00
14:28:15,2.233,45.01
14:28:20,2.249,45.01
14:28:25,2.263,45.01
14:28:30,2.275,45.02
14:28:35,2.285,45.02
14:28:40,2.294,45.02
14:28:45,2.301,45.03
14:28:50,2.307,45.03
14:28:55,2.310,45.03
14:29:00,2.312,45.04
14:29:05,2.312,45.04
14:29:10,2.311,45.04
14:29:15,2.308,45.05
14:29:20,2.303,45.05
14:29:25,2.296,45.05
14:29:30,2.288,45.05
14:29:35,2.278,45.06
14:29:40,2.267,45.06
14:29:45,2.255,45.06
14:29:50,2.241,45.06
14:29:55,2.225,45.07
14:30:00,2.208,45.07
14:30:05,2.190,45.07
14:30:10,2.171,45.07
14:30:15,2.151,45.07
14:30:20,2.130,45.08
14:30:25,2.108,45.08
14:30:30,2.085,45.08
14:30:35,2.061,45.08
14:30:40,2.036,45.08
14:30:45,2.011,45.08
14:30:50,1.986,45.09
14:30:55,1.960,45.09
14:31:00,1.933,45.09
14:31:05,1.907,45.09
14:31:10,1.880,45.09
14:31:15,1.853,45.09
14:31:20,1.826,45.09
14:31:25,1.800,45.09
14:31:30,1.773,45.09
14:31:35,1.747,45.10
14:31:40,1.721,45.10
14:31:45,1.696,45.10
14:31:50,1.671,45.10
14:31:55,1.647,45.10
14:32:00,1.624,45.10
14:32:05,1.602,45.10
14:32:10,1.580,45.10
14:32:15,1.559,45.10
14:32:20,1.540,45.10
14:32:25,1.521,45.10
14:32:30,1.504,45.10
14:32:35,1.488,45.10
14:32:40,1.473,45.10
14:32:45,1.460,45.10
14:32:50,1.448,45.10
14:32:55,1.437,45.10
14:33:00,1.428,45.10
14:33:05,1.420,45.10
14:33:10,1.414,45.10
14:33:15,1.409,45.10
14:33:20,1.406,45.10
14:33:25,1.404,45.10
14:33:30,1.404,45.10
14:33:35,1.406,45.09
14:33:40,1.409,45.09
14:33:45,1.414,45.09
14:33:50,1.420,45.09
14:33:55,1.428,45.09
14:34:00,1.437,45.09
14:34:05,1.448,45.09
14:34:10,1.460,45.09
14:34:15,1.474,45.09
14:34:20,1.488,45.08
14:34:25,1.505,45.08
14:34:30,1.522,45.08
14:34:35,1.541,45.08
14:34:40,1.561,45.08
14:34:45,1.582,45.08
14:34:50,1.603,45.08
14:34:55,1.626,45.07
14:35:00,1.650,45.07
14:35:05,1.674,45.07
14:35:10,1.700,45.07
14:35:15,1.725,45.07
14:35:20,1.752,45.07
14:35:25,1.779,45.06
14:35:30,1.806,45.06
14:35:35,1.833,45.06
14:35:40,1.861,45.06
14:35:45,1.888,45.06
14:35:50,1.916,45.05
14:35:55,1.944,45.05
14:36:00,1.971,45.05
14:36:05,1.998,45.05
14:36:10,2.025,45.04
14:36:15,2.051,45.04
14:36:20,2.077,45.04
14:36:25,2.102,45.04
14:36:30,2.126,45.03
14:36:35,2.149,45.03
14:36:40,2.172,45.03
14:36:45,2.193,45.03
14:36:50,2.214,45.02
14:36:55,2.233,45.02
14:37:00,2.252,45.02
14:37:05,2.269,45.02
14:37:10,2.284,45.01
14:37:15,2.298,45.01
14:37:20,2.311,45.01
14:37:25,2.322,45.00
14:37:30,2.332,45.00
14:37:35,2.340,45.00
14:37:40,2.347,45.00
14:37:45,2.351,44.99
14:37:50,2.354,44.99
14:37:55,2.356,44.99
14:38:00,2.356,44.98
14:38:05,2.354,44.98
14:38:10,2.350,44.98
14:38:15,2.344,44.97
14:38:20,2.337,44.97
14:38:25,2.328,44.97
14:38:30,2.317,44.96
14:38:35,2.305,44.96
14:38:40,2.290,44.96
14:38:45,2.275,44.95
14:38:50,2.257,44.95
14:38:55,2.238,44.95
14:39:00,2.218,44.94
14:39:05,2.196,44.94
14:39:10,2.172,44.94
14:39:15,2.147,44.93
14:39:20,2.121,44.93
14:39:25,2.094,44.93
14:39:30,2.065,44.92
14:39:35,2.035,44.92
14:39:40,2.005,44.92
14:39:45,1.973,44.91
14:39:50,1.940,44.91
14:39:55,1.907,44.91
14:40:00,1.873,44.90
14:40:05,1.838,44.90
14:40:10,1.803,44.90
14:40:15,1.768,44.89
14:40:20,1.732,44.89
14:40:25,1.695,44.89
14:40:30,1.659,44.88
14:40:35,1.623,44.88
14:40:40,1.587,44.88
14:40:45,1.550,44.87
14:40:50,1.515,44.87
14:40:55,1.479,44.87
14:41:00,1.444,44.86
14:41:05,1.409,44.86
14:41:10,1.375,44.86
14:41:15,1.342,44.85
14:41:20,1.310,44.85
14:41:25,1.278,44.85
14:41:30,1.248,44.84
14:41:35,1.218,44.84
14:41:40,1.190,44.84
14:41:45,1.163,44.83
14:41:50,1.137,44.83
14:41:55,1.112,44.83
14:42:00,1.089,44.82
14:42:05,1.067,44.82
14:42:10,1.047,44.82
14:42:15,1.029,44.81
14:42:20,1.012,44.81
14:42:25,0.996,44.81
14:42:30,0.982,44.80
14:42:35,0.970,44.80
14:42:40,0.960,44.80
14:42:45,0.952,44.79
14:42:50,0.945,44.79
14:42:55,0.940,44.79
14:43:00,0.937,44.78
14:43:05,0.936,44.78
14:43:10,0.936,44.78
14:43:15,0.938,44.77
14:43:20,0.942,44.77
14:43:25,0.948,44.77
14:43:30,0.955,44.76
14:43:35,0.964,44.76
14:43:40,0.975,44.76
14:43:45,0.987,44.76
14:43:50,1.001,44.75
14:43:55,1.016,44.75
14:44:00,1.033,44.75
14:44:05,1.051,44.74
14:44:10,1.070,44.74
14:44:15,1.091,44.74
14:44:20,1.113,44.74
14:44:25,1.136,44.73
14:44:30,1.160,44.73
14:44:35,1.185,44.73
14:44:40,1.211,44.73
14:44:45,1.237,44.72
14:44:50,1.264,44.72
14:44:55,1.292,44.72
14:45:00,1.321,44.72
14:45:05,1.349,44.71
14:45:10,1.378,44.71
14:45:15,1.408,44.71
14:45:20,1.437,44.71
14:45:25,1.467,44.71
14:45:30,1.496,44.70
14:45:35,1.526,44.70
14:45:40,1.555,44.70
14:45:45,1.584,44.70
14:45:50,1.612,44.70
14:45:55,1.640,44.69
14:46:00,1.667,44.69
14:46:05,1.694,44.69
14:46:10,1.720,44.69
14:46:15,1.745,44.69
14:46:20,1.769,44.69
14:46:25,1.792,44.68
14:46:30,1.814,44.68
14:46:35,1.835,44.68
14:46:40,2.955,44.68
14:46:45,2.973,44.68
14:46:50,2.991,44.68
14:46:55,3.007,44.68
14:47:00,3.021,44.67
14:47:05,3.034,44.67
14:47:10,3.046,44.67
14:47:15,3.056,44.67
14:47:20,3.065,44.67
14:47:25,3.072,44.67
14:47:30,3.077,44.67
14:47:35,3.081,44.67
14:47:40,3.084,44.67
14:47:45,3.084,44.67
14:47:50,3.083,44.67
14:47:55,3.081,44.67
14:48:00,3.077,44.66
14:48:05,3.072,44.66
14:48:10,3.065,44.66
14:48:15,3.056,44.66
14:48:20,1.946,44.66
14:48:25,1.935,44.66
14:48:30,1.923,44.66
14:48:35,1.909,44.66
14:48:40,1.893,44.66
14:48:45,1.877,44.66
14:48:50,1.859,44.66
14:48:55,1.841,44.66
14:49:00,1.821,44.66
14:49:05,1.801,44.66
14:49:10,1.779,44.66
14:49:15,1.757,44.67
14:49:20,1.734,44.67
14:49:25,1.710,44.67
14:49:30,1.686,44.67
14:49:35,1.662,44.67
14:49:40,1.637,44.67
14:49:45,1.612,44.67
14:49:50,1.586,44.67
14:49:55,1.561,44.67
14:50:00,1.535,44.67
14:50:05,1.510,44.67
14:50:10,1.485,44.68
14:50:15,1.460,44.68
14:50:20,1.435,44.68
14:50:25,1.411,44.68
14:50:30,1.388,44.68
14:50:35,1.365,44.68
14:50:40,1.343,44.68
14:50:45,1.321,44.69
14:50:50,1.301,44.69
14:50:55,1.281,44.69
14:51:00,1.263,44.69
14:51:05,1.245,44.69
14:51:10,1.229,44.70
14:51:15,1.214,44.70
14:51:20,1.200,44.70
14:51:25,1.188,44.70
14:51:30,1.177,44.71
14:51:35,1.168,44.71
14:51:40,1.160,44.71
14:51:45,1.154,44.71
14:51:50,1.149,44.72
14:51:55,1.146,44.72
14:52:00,1.144,44.72
14:52:05,1.144,44.72
14:52:10,1.146,44.73
14:52:15,1.149,44.73
14:52:20,1.155,44.73
14:52:25,1.162,44.74
14:52:30,1.170,44.74
14:52:35,1.180,44.74
14:52:40,1.192,44.75
14:52:45,1.206,44.75
14:52:50,1.221,44.75
14:52:55,1.238,44.76
14:53:00,1.256,44.76
14:53:05,1.276,44.77
14:53:10,1.297,44.77
14:53:15,1.320,44.77
14:53:20,1.344,44.78
14:53:25,1.369,44.78
14:53:30,1.396,44.79
14:53:35,1.423,44.79
14:53:40,1.452,44.79
14:53:45,1.482,44.80
14:53:50,1.513,44.80
14:53:55,1.544,44.81
14:54:00,1.577,44.81
14:54:05,1.610,44.82
14:54:10,1.644,44.82
14:54:15,1.678,44.83
14:54:20,1.713,44.83
14:54:25,1.748,44.84
14:54:30,1.783,44.84
14:54:35,1.818,44.85
14:54:40,1.854,44.85
14:54:45,1.889,44.86
14:54:50,1.925,44.86
14:54:55,1.960,44.87
14:55:00,1.994,44.87
14:55:05,2.029,44.88
14:55:10,2.062,44.88
14:55:15,2.095,44.89
14:55:20,2.128,44.90
14:55:25,2.160,44.90
14:55:30,2.190,44.91
14:55:35,2.220,44.91
14:55:40,2.249,44.92
14:55:45,2.276,44.93
14:55:50,2.303,44.93
14:55:55,2.328,44.94
14:56:00,2.352,44.94
14:56:05,2.374,44.95
14:56:10,2.395,44.96
14:56:15,2.414,44.96
14:56:20,2.432,44.97
14:56:25,2.448,44.98
14:56:30,2.463,44.98
14:56:35,2.476,44.99
